54378.065090895 -0.01044984441408994 0.04445659535509162 0.0017480510006337624 0.007462266175671214 -0.007851806457169833 0.24889405602328496 0.9684701402702928
54378.074999571 -0.01045295753840959 0.04445586279897409 0.0017492972398181646 0.007449147135709448 -0.007857894811348293 0.24889406407856957 0.968470189816154
54378.084949493 -0.010458695197045731 0.044442506680116046 0.0017827092801530324 0.007458557411424197 -0.007862705228142112 0.24890075758714103 0.9684683581100536
54378.095007420 -0.010454403217380493 0.044430428636063495 0.0017931333167073393 0.007467211918717787 -0.007875847932712827 0.24890262315466208 0.9684677051674104
54378.104978323 -0.01044826031885207 0.04444638239120873 0.0017885623840966252 0.00746001702173925 -0.007845416199747502 0.24891845270314775 0.968463939181299
54378.114949703 -0.010451808374939968 0.0444479922580386 0.0017859687980538031 0.007458900365311067 -0.007825082081223473 0.24892967095274357 0.9684612288652145
54378.124964476 -0.010452867062882856 0.04445667584561307 0.0017883338031514616 0.007451549111028792 -0.007839150712981411 0.24893868136373262 0.968458855632407
54378.134925842 -0.01049382925282348 0.04444085605734883 0.0018112208264202646 0.007440667846402932 -0.007822601722734641 0.24895315496118478 0.9684553526101033
54378.144960165 -0.01047426485518594 0.04441770483965671 0.0017749149238107803 0.00742018901904721 -0.007806522512694816 0.24895306757886645 0.9684556619403145
54378.154927492 -0.010476382616185883 0.04441553859436871 0.0017786977137159896 0.007429276600180956 -0.0078181335685673 0.24896453784649858 0.9684525499639006
54378.165026665 -0.01046304284166956 0.04441882316052879 0.001788235915116218 0.007423430300952949 -0.007838174359026971 0.24896738112242583 0.9684517018635083
54378.175067425 -0.010464034462119513 0.04441845296908629 0.0017828344444933417 0.007425850337288718 -0.007830492727541915 0.24897539322536288 0.96844968568258
54378.184888840 -0.010464629508631494 0.04442262637203132 0.0018018828059243944 0.007459582640845825 -0.00784262531039801 0.24895089424045047 0.968455626299907
54378.195035219 -0.010469623724177927 0.04441809378881838 0.0017964650304450346 0.007461793760960354 -0.007821920329398803 0.24895217868440053 0.9684554465356267
54378.204999208 -0.010470488299140483 0.044419629926815536 0.0017710259994133145 0.0074724113748968635 -0.007820721972053617 0.24896732657599996 0.9684514802888576
54378.214894533 -0.010470349296886412 0.04441737084534566 0.0017716358066180331 0.007477231727987656 -0.007826946600875092 0.24897011312132267 0.9684506764337298
54378.224982023 -0.010464017606299659 0.04442554336539587 0.0017913079528151879 0.00746676007991623 -0.007816559397542687 0.24899614872541287 0.9684441474927741
54378.235007763 -0.01045934679080299 0.04442456140747448 0.0017926253866883202 0.0074685166971809585 -0.007828746218700751 0.24899856072765653 0.9684434153560768
54378.244916201 -0.010468777270904287 0.044463530049450466 0.0017788633709466901 0.0074708313870051665 -0.007810345312929477 0.24899962145289595 0.9684432733520297
54378.254913330 -0.010470614967943326 0.044469607544868894 0.0017755654750059816 0.007474049008193656 -0.007799377202481813 0.2489996209588518 0.9684433370461201
54378.265007257 -0.01048444991913752 0.04446788962974268 0.0017604432902565915 0.007477905861183482 -0.007778928998494586 0.24900672892274806 0.968441644157644
54378.274969339 -0.010488237858986577 0.044472524573910516 0.001756180151441609 0.00747417886307926 -0.007767449753992305 0.24901710680712646 0.9684390966354313
54378.284964085 -0.010485861301471968 0.0444557528292145 0.0017675719254441778 0.007482113284999456 -0.007742386404773258 0.2490285891801906 0.9684362835026751
54378.294954062 -0.010482861908351116 0.04445604187910671 0.0017724463334084799 0.007472739078933934 -0.007760436391119024 0.24903381870106686 0.9684348666486775
54378.304948568 -0.010478663186739897 0.044454213090525004 0.0017652922793705169 0.007461621122839534 -0.007755197565690831 0.249043810717993 0.9684324248309724
54378.314930916 -0.010472496542695324 0.04445836784193382 0.0017653953848339665 0.0074728633169132384 -0.0077710235038043075 0.24905131250301923 0.9684302820792386
54378.324990273 -0.010490545922856968 0.044463213078373594 0.0017253866987626085 0.007464568362808056 -0.00774644544684293 0.24903765527751245 0.968434055088923
54378.334931612 -0.01049099800218238 0.04446072086670282 0.0017148744356895503 0.007449769236677767 -0.007730583997087393 0.2490341078543188 0.9684352080209536
54378.344970226 -0.010464637121919092 0.0444641314099794 0.0017080611033866123 0.007461253039952066 -0.007850665738563543 0.24900916236502016 0.96844056803131
54378.354888678 -0.010464804027485636 0.044468248948393484 0.0016960753465846536 0.007467119618358537 -0.007844366971759857 0.24901607795881087 0.9684387956651824
54378.364962101 -0.010511663709210656 0.044452042112562595 0.001713935436326147 0.007460758377922534 -0.007825006183661123 0.24903323669339397 0.9684345891100049
54378.374990940 -0.01051596015073971 0.04445503338418317 0.0017114193660055163 0.007464231902429246 -0.0078406011522497 0.2490450862478851 0.9684313890160013
54378.384894848 -0.010501566526522975 0.04448270908973449 0.0017534321129335842 0.007522935369780392 -0.007816284787422823 0.2490343560679494 0.9684338906881388
54378.394962311 -0.010505372157040251 0.04448684658195652 0.001752470902569905 0.007523198743588155 -0.007802349218985961 0.24904197382098645 0.9684320420673186
54378.404941559 -0.010503819854933916 0.04446521511612979 0.0017721433984246953 0.007540037392925446 -0.007805503737525772 0.2490450869072189 0.9684310851242295
54378.414854288 -0.010515308272436255 0.04448205627955242 0.0017630991437412934 0.0075467076776760044 -0.00780930960157524 0.2490522334568742 0.9684291646253314
54378.424955368 -0.0105289859828833 0.044479604097529477 0.001762461839870008 0.007573639014120762 -0.007797461750035796 0.2490812696593545 0.9684215821052443
54378.435017109 -0.01053840046303953 0.044476612335852435 0.0017663968555968613 0.007573822263301699 -0.007781235183124921 0.24908728202576955 0.9684201647675267
54378.444958210 -0.010521639533084222 0.044489836288018 0.0017579916763997528 0.0075944507251391215 -0.007826119931723621 0.2491300229473514 0.9684086471274665
54378.454891920 -0.010507006892245634 0.044471551747714624 0.0017862596374370072 0.007599771890259788 -0.007833068132586898 0.2491248256512377 0.9684098862336582
54378.465019226 -0.010427913202561569 0.04449514063312678 0.0017612578140552657 0.00763754298190541 -0.00795095174644378 0.24912290182956215 0.9684091232983835
54378.474967241 -0.010423311141670302 0.044497558274883345 0.001744076991586262 0.00764127274820885 -0.007931195745684076 0.24911688506541552 0.9684108036676046
54378.484835148 -0.010474287717352763 0.04447673855354663 0.0017927712284801869 0.007663300347545309 -0.007941266261843619 0.2491709191425134 0.9683966455805271
54378.494943619 -0.010487240652859137 0.04447284052260513 0.0017796240738208108 0.007667556414176587 -0.007917372010730265 0.24916403132208387 0.9683985797668266
54378.504892349 -0.010511280461438972 0.04449253272564342 0.001813824549290701 0.007662763854103811 -0.007908729722005452 0.2492035643339349 0.9683885158176768
54378.515013218 -0.01051896267470043 0.04449697003173798 0.0018171582696928047 0.007685762081565281 -0.007910506313824263 0.24921317726649486 0.9683858452227723
54378.524923325 -0.010427388392964785 0.04454651213823871 0.0018128421403685534 0.007689875332678391 -0.00803323710142115 0.2492048864071094 0.9683869358422077
54378.534973383 -0.010420209043046094 0.044545719442058825 0.0018103017086561427 0.007697843544391694 -0.008013197406289268 0.2492035535243562 0.9683873815694457
54378.544938803 -0.010465502435701358 0.04451898133067508 0.0018510273434766062 0.007695437390171317 -0.008003580967021785 0.24923001452366703 0.968380670395486
54378.555051804 -0.010477647953719332 0.04452552318838237 0.001836564247967305 0.007710869653065773 -0.007990843778353119 0.2492314972959073 0.9683802712057612
54378.565160990 -0.0104842318820966 0.04449009123547057 0.0018027428111231215 0.00768226603953518 -0.00795513934247639 0.249246177828211 0.9683770140728081
54378.575053930 -0.010484879839007883 0.04449060381417505 0.0017947245912476634 0.007685965255362412 -0.00796967234127579 0.24925181089116435 0.9683754153366047
54378.584909678 -0.010481555439310584 0.044532533506331094 0.0018288367688401826 0.007640615398208644 -0.007958080204313335 0.24926322440381699 0.9683729317342626
54378.594980240 -0.010486004329358766 0.04454413359573794 0.0018247506775186033 0.007652668166302551 -0.007953611212008199 0.24926769272748858 0.9683717231006588
54378.604941607 -0.010497461853122055 0.0445444352093541 0.0018383919111159698 0.0076535890311141535 -0.00791885708982668 0.24927654099554186 0.968369722981172
54378.614946365 -0.010509941781511885 0.04456305210233036 0.0018171217408518446 0.007670207681697935 -0.007913905437582825 0.24927911582668763 0.968368969157681
54378.624927998 -0.010518083256666012 0.04451961881981778 0.0017964611903838665 0.007656019650752794 -0.007892719575419975 0.24928849578790385 0.9683668396886665
54378.635107756 -0.010522257935666957 0.044520201263348366 0.0017904653759644566 0.007654151001492799 -0.00787063746668733 0.2493016151475551 0.968363656754597
54378.645017147 -0.01053900132133485 0.04451109762663306 0.0017937515065719804 0.007617343803884964 -0.007861571620564698 0.2493062177374303 0.9683628356987299
54378.654898882 -0.010532519663724385 0.04450644439037648 0.0018048178506308943 0.007617492906655303 -0.007889735294887412 0.24930679115504426 0.968362457844566
54378.664969206 -0.010501323161691244 0.04453098958087982 0.00181382471328713 0.0076333628518579465 -0.00789621546544719 0.249321499133376 0.9683584933395178
54378.674990892 -0.010512507628980605 0.044535608291617464 0.001791941155353727 0.007647696359321854 -0.007869157530759644 0.24931721835806125 0.9683597026572051
54378.684855461 -0.010516126029601922 0.04450432026024901 0.001786625684181203 0.007632093008033133 -0.007866748435324351 0.24931745178568074 0.9683597852350473
54378.695012093 -0.010518013472722257 0.044507368474233276 0.0017774727211494294 0.007633892679301382 -0.007849564618462224 0.24933080792593487 0.9683564716760363
54378.704884052 -0.01046958982767449 0.04449615640566999 0.0017560418229781109 0.007598024692741382 -0.007935118181765425 0.2493008590145742 0.9683637671943356
54378.714934826 -0.01046494630573356 0.04449862706052683 0.0017466168245083673 0.0076047891213214406 -0.007941280783268974 0.24931221910785625 0.9683607389012929
54378.724933147 -0.010520253685480527 0.044515726610039025 0.0018140269590732952 0.007569576923173822 -0.007923414369773195 0.24934331195782325 0.9683531555129217
54378.734856606 -0.01053164232377364 0.044523012409038394 0.0018046394023714008 0.007590720795813107 -0.007915660947422782 0.24933325894919 0.9683556419267364
54378.744885683 -0.010470317410331095 0.04454177563194744 0.0017904638349149436 0.007566576125754968 -0.008039685682591138 0.2493056242607719 0.9683619241233131
54378.754900217 -0.010462870949666452 0.044547325356645795 0.001791842392890541 0.007585055515960514 -0.008027694744495006 0.24931331626474054 0.9683598986859103
54378.764972210 -0.010507651811171855 0.04451270674227745 0.0018078762116782313 0.007563703979821669 -0.007995186234455902 0.24933251205151086 0.9683553923086634
54378.774966955 -0.010493323653392117 0.0444969968034724 0.0018270726957829691 0.007574800154652938 -0.007963599118301462 0.24933642921652513 0.9683545572553748
54378.784940481 -0.01049977410534553 0.04447508575848444 0.0018280389624218407 0.0075399332522208444 -0.007932987734725382 0.2493459818578181 0.9683526209204545
54378.794949293 -0.010495937799270879 0.04446946761894485 0.0018434883613304448 0.00756247410180013 -0.007948905734943711 0.24933750942876962 0.9683544961815043
54378.805146217 -0.010496066110025532 0.044476416953339974 0.0018552868299069533 0.007555806291806557 -0.007932868554724741 0.24937410998544346 0.9683452548841979
54378.814983606 -0.010503926579648194 0.044479309223881706 0.0018475854733587859 0.007547080312958834 -0.007945263334854505 0.24937598770678976 0.96834473774816
54378.824990034 -0.010505524538106902 0.0444813971046881 0.0018419210209649553 0.007536240364768654 -0.0079479332874049 0.2493873615116673 0.9683418711157091
54378.834914446 -0.010522247111389004 0.0444957894987405 0.0018073667572707278 0.0075493789525818015 -0.007929722462081013 0.24938578577968717 0.9683423238866268
54378.844945908 -0.010459702530817773 0.04452467536038921 0.0017975682500681826 0.007525666822912133 -0.008029271283996376 0.24935787134014561 0.968348876770263
54378.854892969 -0.010450674966320357 0.044530788293351456 0.0017928989079338885 0.007527086616388033 -0.008028432631033047 0.2493777606863064 0.9683437507990856
54378.864972353 -0.010486317742174945 0.044519858099301736 0.001816232168518662 0.007527663391521306 -0.00802029526490698 0.24940491126662745 0.968336821247552
54378.874935150 -0.010487253724373025 0.04452619257711366 0.0018129154938479794 0.00753324138466201 -0.008028705860462155 0.24940734730350703 0.9683360807423601
54378.884916544 -0.010504497248530743 0.044514599550240556 0.0018374907808240979 0.007522981193925102 -0.008037436253378055 0.2494253787514843 0.9683314436736563
54378.894965410 -0.010507997474105128 0.04450081171651475 0.0018269179006451324 0.0075289378344989555 -0.00799439397241023 0.2494292127502619 0.968330766105716
54378.904978275 -0.01051318023391513 0.04449816821695386 0.0018246521656891074 0.007529187583058031 -0.007974558662858074 0.24943593249251458 0.9683291967766238
54378.914940596 -0.010509235620289506 0.04448887824553059 0.0018278066888983773 0.00753126135542201 -0.007961761818765678 0.24943070655262714 0.9683306321085763
54378.925096512 -0.010516467552109499 0.04448762015965976 0.0018362434731507048 0.007518240252663869 -0.00795479856656699 0.24945677134288494 0.968324076161722
54378.934970379 -0.010521342463863666 0.044488465274796433 0.001830765430408426 0.0075228022296064435 -0.007958085728311885 0.2494550938170703 0.9683244458789997
54378.945083380 -0.010503891095305834 0.0445010954681711 0.0018339136627017636 0.007511829624832402 -0.007952208993725205 0.24947447956352847 0.968319585072157
54378.954891205 -0.01051901523666078 0.04451606514708957 0.0018248929966524108 0.007507130878957297 -0.00795531986639146 0.24948955207365167 0.9683157126050771
54378.964982033 -0.010518491015181888 0.04451637619554196 0.001829033878005116 0.007505691233344979 -0.007965995880466478 0.2495030368699189 0.9683121614961934
54378.974939108 -0.010527647323614667 0.04452174045852833 0.0018119300292240594 0.007517154388252197 -0.007952445839986296 0.24950672950657035 0.9683112324691894
54378.984891891 -0.010535291410017775 0.044531813588479546 0.0017930627741332488 0.007506049185871969 -0.007909050294916302 0.24953063575009854 0.9683055137564814
54378.994971752 -0.010514832971127971 0.04452845589174098 0.0017855763943901803 0.00749456358110815 -0.007923281630371133 0.249566250756363 0.9682963077531312
54379.005012989 -0.010513948273813207 0.04452571358446428 0.0017843526305444696 0.007493800615260461 -0.007937373049620038 0.2495704886464664 0.9682951059765685
54379.014968157 -0.010524021757831296 0.044539911255120614 0.0018036596650996073 0.007487782593026506 -0.007926807318178759 0.24957390583548372 0.9682943583247821
54379.024987459 -0.01052532491978556 0.04454474250938356 0.0018047257504074353 0.007488203046885375 -0.007945723018690171 0.24958955412551803 0.9682901666196265
54379.035010338 -0.010530842496136401 0.04455536262223682 0.0017917363289051966 0.007511427642199799 -0.007941999845324827 0.24959510423135942 0.9682885866501628
54379.045009375 -0.01053946492182773 0.044556988148328563 0.0017764487382018117 0.007504068050921709 -0.007906879960583885 0.24960927788246492 0.9682852774915925
54379.054947853 -0.010544894654394316 0.04456288878812985 0.001782242558295233 0.007510183923703431 -0.007877184001828708 0.2496196818508455 0.9682827900682301
54379.064985752 -0.010547571888682359 0.04456389746218135 0.0017818765254963285 0.007518082082788947 -0.00788022968588087 0.24962286278736528 0.9682818839551499
54379.074998617 -0.010532381723405964 0.04454919554716733 0.0017907463892634853 0.007512664073392986 -0.007871797716292624 0.24963234001644863 0.9682795513162231
54379.085004807 -0.010533488400491623 0.04454777466122019 0.0018000238575056826 0.007519087127383722 -0.007871641396643859 0.24965626010751893 0.968273335571945
54379.094997168 -0.010525156727962535 0.044536081056545856 0.001817672444688966 0.0075094933331537345 -0.007886567099777536 0.2496516738169388 0.9682744710719482
54379.104870558 -0.010528633258728402 0.04452812945654334 0.0018392863910104583 0.007500202305336929 -0.007899573117377354 0.2496729111205461 0.9682689611686074
54379.114959478 -0.010531386694777583 0.044521896606687754 0.0018301688744160952 0.007476265359722172 -0.007884086312347946 0.24966359822386894 0.9682716738401476
54379.124978304 -0.010534584346835425 0.04452694220547526 0.001825238684465709 0.007522528296614231 -0.007846570685586104 0.24967096923229337 0.9682697196644693
54379.134884834 -0.010529229796157717 0.044519890460800106 0.0018183839657177894 0.007474206777340127 -0.007884755722909208 0.24966531131982722 0.9682712425678114
54379.144913197 -0.01054001804059337 0.04452551504675274 0.0018043482414592457 0.007482732532179602 -0.007811282612537122 0.2496937797588482 0.9682644313035251
54379.154902458 -0.010540435827786587 0.04453143432371457 0.0018080877853460322 0.00747123246692792 -0.007840760242766377 0.24968983195549763 0.9682652998957857
54379.164937496 -0.010556958441789412 0.044529708951189906 0.0018487520623480208 0.00746502211122413 -0.007828568471516261 0.2497231392835984 0.9682568567621457
54379.174957991 -0.010546269932295623 0.044517218973563685 0.0018176564357888629 0.007435976643212333 -0.00784411279964211 0.24974523007523824 0.9682512567512703
54379.184937239 -0.010540182657109477 0.04451052724332496 0.0018260199098739907 0.0074166907291442034 -0.007870503633878263 0.24975116867491418 0.9682496587227346
54379.195034027 -0.010559375488354592 0.044525361542403497 0.0017957221561718363 0.007423723323420736 -0.007833187696795585 0.24977407431001783 0.968243998847965
54379.204841852 -0.01052451147990524 0.04454141752178509 0.0018045487694585119 0.00740951685361444 -0.007906371774973187 0.24974041393549862 0.968252195449449
54379.215000153 -0.010551133413862393 0.044561278190671454 0.0017616520042898912 0.0074326873181187764 -0.007866804646729028 0.24972985419644206 0.9682550637445204
54379.225032806 -0.010538956171358593 0.0445871978614986 0.0018059916350476276 0.007518214284300077 -0.008076552666261415 0.2497772115091259 0.9682404610228442
54379.234954834 -0.010525198362519694 0.044622777779326016 0.0018668574092555567 0.0076107450693005275 -0.00834170037079294 0.24980951170068844 0.9682291569965644
54379.244989872 -0.010539263696111911 0.04458594070841912 0.0018308202757552458 0.007654503057748942 -0.008191521039001459 0.2496879157616047 0.968261458640502
54379.255123615 -0.01055563436910039 0.04456177585432737 0.001788261055628879 0.007652349401355231 -0.00797910866512102 0.24962548210306756 0.9682793471196011
54379.265008211 -0.01056087734299577 0.0445503668934501 0.0017616236825926117 0.007600491781289273 -0.00789272928808298 0.2496170302144477 0.9682826424014773
54379.274959326 -0.010602090047887907 0.04458341303858255 0.0017465404435300508 0.007586094439794648 -0.0077880524672899335 0.24977830607397125 0.9682420127347992
54379.284983158 -0.0106528974205625 0.04457278439709389 0.0017112412889417135 0.007472585072342543 -0.007650369863211279 0.2497720349853359 0.9682456108098694
54379.295031071 -0.010619104031156117 0.044572030613981635 0.0018120040858667585 0.007510820226245077 -0.008062197981516455 0.24979287605718967 0.9682365969195306
54379.304944515 -0.010589976329902093 0.044614085502561115 0.0018965029489814659 0.007637935657964689 -0.008454664841303184 0.24982505579936834 0.9682239524387675
54379.314932585 -0.010568268124778415 0.04461529224400168 0.0019428428374571177 0.007718599619037058 -0.008617267773901238 0.24980116609344047 0.9682280430427489
54379.324952602 -0.010542776559531761 0.044608694320326985 0.0018930475019670642 0.007729789124167335 -0.008514045711936046 0.24975433053507462 0.9682409492294197
54379.334992170 -0.010571048188667713 0.04457196565576458 0.0018329071050749144 0.007680408410945461 -0.008112938829158487 0.24972838803601424 0.9682514775403802
54379.344937325 -0.010651803706784039 0.0445253413445419 0.0017621158410869506 0.007583497251347672 -0.007624541895888728 0.24974267832421024 0.9682525246823612
54379.354969025 -0.010737735145933437 0.044485662682628616 0.0016925757143158152 0.007467679853162042 -0.0073374361924198675 0.24969002846181795 0.9682692215879164
54379.364957571 -0.010742699554795683 0.0444662682004498 0.0017346909207785353 0.007421363319668334 -0.007512713165880329 0.24968405021874468 0.9682697752040639
54379.374989033 -0.010729051157720545 0.04448334718854563 0.0018114894443118485 0.007529225139294141 -0.007843718563780135 0.249712186383032 0.9682590618319562
54379.384972334 -0.010635487068693442 0.04454064609942322 0.001867090741056965 0.0076900526811809694 -0.008328409165674412 0.24971284000774688 0.968253581571375
54379.394962788 -0.010651094635254755 0.044561355356384724 0.001932379718229424 0.007802080102080495 -0.008440342500933635 0.24971620170916903 0.9682508490925755
54379.404918909 -0.010664541752442969 0.04457925981968277 0.001905874471457881 0.007791124566760044 -0.008330542828956636 0.2496861648003216 0.9682596343654253
54379.415024996 -0.010657432923806612 0.04460235990107758 0.00186859069508719 0.007699692206095467 -0.008196432906052696 0.24966886175962857 0.9682659720837036
54379.424998045 -0.010714037760511459 0.044617795080982056 0.0017875335557904532 0.007498136919978327 -0.007812455787100838 0.24972318780226377 0.9682567185159002
54379.434977293 -0.010781302274362404 0.04460517541415142 0.0017774769320610634 0.007340893710205928 -0.007720729001624533 0.24976495092633214 0.968247887119815
54379.445014954 -0.010747662230216379 0.04464539514687465 0.001854363211091501 0.007222455543029514 -0.008120475014995883 0.24977895642270329 0.9682418948536802
54379.454877853 -0.010667805199136113 0.0446932178925983 0.0019818331108493134 0.007146639786248604 -0.008589665086306875 0.24980471700011977 0.9682317628326189
54379.464944839 -0.010559916461487382 0.044757950979989934 0.001989055730534431 0.006997725486259665 -0.008789371517148157 0.24995632657338318 0.968191930142104
54379.474962950 -0.010496248306951911 0.044827644525226994 0.0020067476892756068 0.006871362570148689 -0.008823646430388807 0.2502686569455739 0.9681118359935281
54379.484905005 -0.010474582173908717 0.04485681972135397 0.0019638030408603954 0.006705892573348539 -0.008589303838046314 0.2505433361627141 0.9680440545599306
54379.494918108 -0.010475231830805027 0.04480267272507634 0.0018321466944072407 0.006565235103471586 -0.008306318981928 0.2504381117930848 0.9680747155641042
54379.504996777 -0.010450118633456514 0.044765379406069 0.001828638370442148 0.006585549290018382 -0.00815241461399987 0.25036224277656544 0.9680955097863012
54379.514986038 -0.010386723629119878 0.04474406831744298 0.001799674524788371 0.006796835151456046 -0.008161692298467294 0.25035665879031643 0.9680954153440137
54379.524961472 -0.010258755980521863 0.044727701592490975 0.0018480284992163252 0.007012274375578893 -0.008321477892946565 0.2503344001153554 0.968098274522088
54379.534990311 -0.010050841658848859 0.04472453207800221 0.0018442360421083773 0.007330053566544083 -0.008606113695093108 0.2502848382746079 0.9681062466752459
54379.544986963 -0.009898095317749656 0.04461710562268877 0.0017975469350535458 0.0076410708502675975 -0.00849362818828009 0.25004907775986124 0.9681657559673877
54379.554918051 -0.009822168229073242 0.04450555360693305 0.0017098734763057067 0.008063699805238668 -0.008012198449381908 0.24994970694056085 0.9681920911791144
54379.564984798 -0.009754637983574291 0.04443036281396576 0.0015035347992000704 0.008533833332570942 -0.007146452242164756 0.24988143659864778 0.9682124609569939
54379.575011730 -0.009736576872824577 0.04428360295632001 0.0012925354447275088 0.008699175048155379 -0.006118586839482367 0.24964642811914767 0.9682786521327011
54379.584984303 -0.009719923872162153 0.04420009232093542 0.0011351201410495894 0.008732209989683843 -0.0053360412547466 0.24941608318852942 0.9683423426760375
54379.594965935 -0.009648480963153194 0.044132567765328916 0.0010201792853825132 0.008563271278006058 -0.004891251371719557 0.24927073103292408 0.9683836268211837
54379.604986429 -0.009585369926245382 0.04416299660493287 0.0010119837023578075 0.008330159026140229 -0.004915206261949297 0.24930546403897497 0.96837659760979
54379.614937067 -0.009413972700507041 0.04416966722033041 0.0011591911077184743 0.00815027301409231 -0.005446260622106016 0.24942238924857882 0.9683451776285987
54379.624963999 -0.009215638281073645 0.04424107871363777 0.0012559637759284835 0.007953845019111639 -0.006158939203967896 0.24944214442618792 0.9683374517188513
54379.634917259 -0.009057142286561615 0.04427515404126057 0.0014147571186035397 0.007903245824642186 -0.006732934457172827 0.24961568607750767 0.968289324305027
54379.645020008 -0.008909760601193542 0.04424274065493288 0.0014637377159226212 0.007859724871798746 -0.006900133685530082 0.24964260279531897 0.9682815622274547
54379.654966116 -0.008945128244499122 0.044196139394996566 0.0013995082391459997 0.007799618502280049 -0.006387596660102149 0.24962892837416326 0.9682890904471112
54379.665002108 -0.008975332804135063 0.044095668783475074 0.0011899094307814542 0.007879884635533144 -0.005412118955316287 0.24958058497568783 0.9683068459892957
54379.674972534 -0.009102828327277806 0.04416040585354781 0.0009580531093074086 0.008097554170773274 -0.004628336718772505 0.24941449556643694 0.9683519078914488
54379.684852362 -0.009205735521627144 0.04416736069068871 0.0008090528395469154 0.008101228716829187 -0.003987527743674582 0.24913322874404095 0.9684271289319297
54379.694982052 -0.009161209058330722 0.04435662950301896 0.000844167848481694 0.007672409607218547 -0.004285197393912814 0.2495950872852552 0.9683104169723572
54379.705075264 -0.009146662191671314 0.04444990854162052 0.0010473070566191657 0.0067211710118247866 -0.00502835297954444 0.24985852873442882 0.9682459693410603
54379.715021610 -0.009047817159207022 0.04449929668735561 0.001195247447449523 0.00615526722505533 -0.00575273392308408 0.2502851110278067 0.9681355183731237
54379.724968195 -0.009014970629578414 0.04465641859513706 0.0013611370081380398 0.005926630309202539 -0.00654085076797095 0.25105673071947804 0.9679321310323656
54379.735055447 -0.00909183210467462 0.04520664342212288 0.001442259569021542 0.006826243099815909 -0.006793655770646418 0.25289612333931655 0.9674455020549517
54379.745047569 -0.009312374796461135 0.04567651285383709 0.0014158507226652646 0.007605441002393377 -0.0065902478035356525 0.25482916443912274 0.9669337220576733
54379.754947424 -0.009592402442555315 0.04610522686733033 0.0014368617190938639 0.008145844710655955 -0.006491080661617724 0.2564260120021882 0.9665077399868292
54379.765008688 -0.009826417325899176 0.0462910977246049 0.0014721382089836444 0.008226881916823487 -0.0064290341864352615 0.2573660439399542 0.966257577129439
54379.774938822 -0.00987193854062484 0.04632461057631076 0.0016466355394291375 0.008103854482564121 -0.007112093857566371 0.2575637424595075 0.9662011510207071
54379.785022736 -0.009765298550505432 0.04625502856279996 0.0018951145289977656 0.008170869287080504 -0.008311699134009391 0.25731988041348547 0.9662559866291069
54379.794951677 -0.009658063625719134 0.04634921115708604 0.0020771954420614365 0.008830767842132768 -0.009168304827159338 0.2574688059186934 0.9662027601413261
54379.804887056 -0.00966122317290639 0.04640390974086519 0.0020639675796081222 0.009455392497420194 -0.009181207079804368 0.2573899814876689 0.9662177282678346
54379.814884424 -0.009637569704787918 0.04623733119723986 0.001957287025796802 0.00953257951210929 -0.008880760779941703 0.2568656858925183 0.9663592920993626
54379.824944496 -0.009549445279198956 0.04604275952377248 0.0019138588435564131 0.009407440859091537 -0.00860376223212584 0.25606307461601574 0.9665760069183016
54379.834912539 -0.009437324415258162 0.04569881657944715 0.001990932234100984 0.009039520531413069 -0.008771992246741144 0.25497777271668365 0.9668648688627717
54379.844938517 -0.009071780947854994 0.045476139493086695 0.002235574678961717 0.009095745947349897 -0.009697611836254935 0.2537594045813748 0.9671759862180414
54379.854842424 -0.008657862433230138 0.04537540226404614 0.0025721716377141934 0.009414461622105607 -0.010835250501728504 0.25264690059400996 0.9674520705849832
54379.864961863 -0.008105412126308362 0.04529976557221389 0.003134078084607751 0.009553576547667423 -0.012905598435106979 0.2514741982587327 0.9677308005402677
54379.874967813 -0.007458037508832428 0.04523832346493062 0.003946258160825075 0.009805713920529204 -0.015678071384929132 0.2503023055192477 0.9679911166451409
54379.884908199 -0.006718688203515406 0.0454937778234009 0.004727600392413938 0.010353376640334306 -0.018659755964215784 0.25009313462150545 0.9679865934581372
54379.895048857 -0.006145603787175092 0.04623289007026488 0.005516986417494631 0.011501398068126807 -0.021489124277183403 0.25136590856074487 0.9675851980025892
54379.904981613 -0.005354150565638011 0.04643601985551951 0.005627152516305025 0.011562959346299126 -0.02374195318503901 0.25133440612370245 0.9675399908678509
54379.914990187 -0.005208383745460395 0.046429631827737336 0.005502656407297012 0.011271970990522453 -0.02112610702821906 0.251807289826285 0.9674811207781588
54379.925062418 -0.005966902858936314 0.04636915102318334 0.0037930225903272524 0.009409466532347525 -0.0123700640518483 0.2538795202394555 0.9671109722559835
54379.934922695 -0.006014913113101435 0.04569829906873257 0.002781241551113158 0.007704103113582137 -0.007927225903679754 0.2540003167146542 0.9671409643860314
54379.945101976 -0.005415636261376446 0.04570777163410036 0.002921130621964189 0.00792112058415552 -0.009514508778442773 0.2542803448430799 0.967051310013011
54379.954887867 -0.004411392933887721 0.04599240776182277 0.002939042203424385 0.008540947653754367 -0.011783944123097394 0.2541742163757688 0.9670489432308188
54379.964961767 -0.0037479972995379356 0.04605852640914024 0.0031723304533657825 0.008539817049579899 -0.012696020399467964 0.2536631843305827 0.9671715832808803
54379.974953890 -0.0032279255473026715 0.04578000242894718 0.0025161959119374983 0.007778233954207966 -0.009758708563775313 0.25295092686067766 0.9673986227424789
54379.984992266 -0.0032340632718790494 0.045388101216377416 0.001390948450759188 0.006324857513991322 -0.004442575226587177 0.2526592216409976 0.9675244583071526
54379.995019197 -0.003173013371567935 0.04494776172227279 0.000408056968902369 0.004899483668595424 -0.0006121057678574725 0.2526091706185804 0.9675558006160178
54380.004913092 -0.0028141863519167386 0.044702094822013275 -8.306153775690709e-05 0.003950295556361537 0.001028289233233961 0.25231822153992817 0.9676357025581467
54380.014937401 -0.002293736717395644 0.044625593303686664 -0.0005451086279373409 0.003209714566394058 0.0014604979517504324 0.25163434521486355 0.9678159540875643
54380.024945736 -0.0018413648515950044 0.04448309972847812 -0.0007823602904343176 0.0022641368230123735 0.0022867899895120183 0.25092988263367483 0.9679999164656167
54380.034889221 -0.001438118044822103 0.044286230372414616 -0.0012471475136998735 0.00094742052356773 0.004298873939060955 0.2501841569576636 0.968188261488741
54380.044920444 -0.0011765645231287224 0.04396799829289717 -0.0017524986027353117 -0.0007533455207786815 0.006659613304529644 0.24947484079587573 0.9683580876055268
54380.054896355 -0.0008585707994547068 0.04371447858071138 -0.0020175031121981535 -0.002115939253679374 0.008383299936882947 0.2491018861303389 0.9684386885133982
54380.064998388 -0.0005009423971866593 0.04363460405776845 -0.002169524236730247 -0.0031944526662160562 0.009271897839838322 0.24915721927751966 0.9684133969873119
54380.075111389 -0.00011477357879625602 0.04332535150821278 -0.00208568071508501 -0.004512432565274427 0.009703762078728586 0.2482591664680088 0.9686345343928601
54380.084979057 2.5020386075901013e-05 0.04337728205499767 -0.0017711082345619464 -0.004636339776243295 0.010537585050521058 0.24840040789952836 0.9685890258567512
54380.095082998 0.0002405375469253096 0.043560434975587696 -0.0015795115700993503 -0.004862062346494446 0.01071874154916904 0.24868677359526664 0.9685124457476618
54380.104898214 0.0009499843599062377 0.04389553321210984 -0.0003487164969335403 -0.004183604696074325 0.006703810227853489 0.24889203453344608 0.9684989992385009
54380.114953756 0.001672389902138343 0.044358061681731176 0.0009107005342727411 -0.0030914413629122704 0.0028588137119877847 0.24911409091076292 0.9684649915635382
54380.124934673 0.0021563934495301765 0.04475846852806726 0.00196810581095075 -0.002566058810878152 0.000762794084398818 0.249632763842156 0.9683368818256849
54380.134951353 0.002363320084922904 0.04496540875344314 0.0026243543214042268 -0.002462456088865546 0.0006673787779271058 0.25021117900694173 0.9681879243285022
54380.145073414 0.0026197692603250958 0.045007545593303985 0.003173299408926544 -0.0025285633787073924 0.0007921082282445227 0.25054298292988597 0.9681018503424056
54380.154893160 0.002802003156039099 0.045115865612084353 0.003829931101943476 -0.002035288509986259 6.0579770076671434e-05 0.2507655278707377 0.9680457137772384
54380.164915323 0.003092675743501576 0.04514119185620195 0.0044368694810241575 -0.0012251945106817323 -0.00017453663697786952 0.250791754032573 0.9680402701048334
54380.174940348 0.0031787005672979443 0.04539223565512768 0.004865896853106526 -0.00018115206006972783 0.0004952013836148994 0.25139404664876364 0.967884680769915
54380.184913635 0.003308266282631981 0.04531701934239703 0.005279492191163724 -0.000113966015538868 0.001107882089265092 0.2517068842342236 0.9678028745762862
54380.194942236 0.0036129398513201315 0.045196009297258095 0.005818719394960623 0.00045252570699134357 0.0012179130138865657 0.2516006540257352 0.9678302654919392
54380.204863310 0.0039382691363402215 0.045117854282897205 0.006277753566585468 0.0013979939708945398 0.0009259330415397376 0.2515057456095431 0.967854352775379
54380.214902163 0.004239189081891723 0.045182383718226346 0.006584500282215677 0.002656794493843851 0.0012051402821044834 0.25150594290761064 0.967851357266224
54380.224986076 0.004448062768420354 0.04498400472967735 0.006802522311272156 0.003527642817291493 0.0017310943116692241 0.25105177854359 0.9679656830377501
54380.235007048 0.004770030685146816 0.04481023203028074 0.006962554079049341 0.004287180505819254 0.0021612659158183147 0.25049650882991437 0.968105597585809
54380.244960785 0.005092651018158725 0.044601361774472416 0.007163553052978314 0.005050885933341988 0.0021770319450988233 0.24989471002933014 0.9682573950053547
54380.254857779 0.005463311861624631 0.044400890145450345 0.007270407463154837 0.005846180082571116 0.0022464977954705337 0.24929201400039397 0.9684081098285602
54380.264981270 0.0057632077672159915 0.04411083560166068 0.007379666678367558 0.0064275198340255826 0.002514347633170256 0.2484378230358257 0.9686232565502352
54380.274966717 0.0060888893395274445 0.04373047189509646 0.007401610667146433 0.006885666854848252 0.002977785816178735 0.24731423008075068 0.9689062864813927
54380.284920454 0.006385566955500577 0.04329397472076234 0.007411692509899832 0.007174635471696274 0.0035928344230648822 0.24594907462011187 0.9692495389940444
54380.294937372 0.006750519419188264 0.042840441821853564 0.007363618717765684 0.00745962348117251 0.004159678836864099 0.24453095196755215 0.9696038699486178
54380.304938793 0.007080475218961459 0.04238660356323523 0.0073381395060598785 0.007747224720549573 0.004880913035429028 0.2430712955327713 0.9699652068425394
54380.314942122 0.007375694743097884 0.04196139577527652 0.007209392503408241 0.007991632242490387 0.0057914723115187056 0.2416926374211547 0.9703026649860197
54380.324957848 0.007616515508481216 0.04154778470677987 0.007053555590415815 0.008414372334391877 0.007029269321317321 0.2404748261930128 0.9705934502552893
54380.334921360 0.007873490284317393 0.0411981596577644 0.0068595946871709765 0.009187041697758962 0.007995757034588304 0.23947230252594787 0.9708268035325397
54380.344928265 0.008164492140093411 0.04106516311169906 0.006785331763715955 0.010607684635368268 0.008487184028100584 0.23903086157286632 0.970916933599205
54380.354868412 0.008486246266442156 0.04109444364353317 0.006741886081126292 0.012473686601223607 0.008597612896476772 0.23899930276127537 0.9709015508663488
54380.364959240 0.008794287002804727 0.041307559464158254 0.006758481697541168 0.014904079788848671 0.008502294225206083 0.23954589821998895 0.9707334042076302
54380.374990940 0.009108544214330022 0.04155682242037949 0.0068095223749714585 0.017327049491680062 0.008416661712605467 0.24012953258270547 0.9705497105986587
54380.384971857 0.00944544085192204 0.04179951931859644 0.006867835694511631 0.019752124063962394 0.008116880393996207 0.24070605958525307 0.9703631087003318
54380.394953728 0.009824098847633099 0.04186900543812743 0.006967106888894368 0.021748728349265122 0.007848982008786438 0.24080804768504743 0.9702973103470562
54380.404876232 0.010211943447715217 0.04171045845531793 0.0069804676957862105 0.022980581700830213 0.007804584356775869 0.24007139075692469 0.9704518064632295
54380.415011168 0.010625835577738107 0.041053290504926516 0.006994624804688829 0.023214994063775047 0.007893665687357509 0.23784380094703367 0.9709938622070189
54380.424984694 0.01117907505839924 0.040102578221143555 0.006969239568832063 0.022647877498705674 0.007834752952762258 0.23437406900031174 0.9718510616710824
54380.435001612 0.011861433555445867 0.03907921903050693 0.0068821459709152875 0.022010718561414223 0.0077540539378245935 0.23084341756022336 0.9727110154023424
54380.444958448 0.012528697892350438 0.038082136787145004 0.00674357054781436 0.021038560392571043 0.008006232236553503 0.22755645784900375 0.9735046675353937
54380.454894781 0.013199295131942027 0.037345345215480254 0.006496141628333713 0.020379835546405687 0.008605410838086478 0.2255115134490658 0.9739893051308732
54380.464995146 0.01379943197733913 0.03671338319249601 0.006195789737267465 0.019858523869882634 0.009454802580113478 0.22422340953296932 0.974289540308881
54380.474967957 0.01436720818341955 0.03627919137712833 0.00590777665822075 0.01962137474769361 0.010370574808898742 0.22363045111654103 0.9744213021914885
54380.484847784 0.014899895352519829 0.03581260021240945 0.0055825958864842975 0.019571187380702692 0.011252271686285831 0.22323365719033547 0.9745035091285383
54380.494945049 0.015476370068001719 0.03523532863958649 0.005335596403692598 0.019487468482121878 0.011925898945944287 0.22232124013122367 0.9747057390274279
54380.505016565 0.01606441442194371 0.03447137277924428 0.0050836729247178206 0.019398334502954487 0.012491281168604387 0.2206939450334833 0.9750701795967489
54380.514983177 0.0167345434856446 0.03364896169628288 0.004829493201886281 0.019229747835353975 0.013211469402183661 0.21860610840337172 0.9755342347878712
54380.524929762 0.01734601178940852 0.03271367344815074 0.0045349035097586345 0.01894884360321126 0.014197828336117444 0.21631411393557332 0.9760366627893171
54380.534933329 0.018012141901447946 0.031826478983449036 0.004125910779554953 0.018710360643857712 0.015403836721618316 0.21443878001630257 0.9764367126670066
54380.544931650 0.01862960306532564 0.030967954388981367 0.003823567276369607 0.018541464855217918 0.016461144464778813 0.2127031423348457 0.9768022410113599
54380.554826260 0.019274602963362534 0.030199345322570716 0.003581357580406454 0.018565252076141802 0.017299756146431866 0.2113674045119198 0.9770772078820168
54380.564936638 0.019873030422428994 0.0294423084549241 0.003371339511067686 0.01869006732627613 0.01810852141571006 0.21012159251570298 0.977328849054473
54380.574950457 0.020535716136333565 0.02869785020836243 0.003214758596243897 0.01905618017916558 0.018662070250192266 0.2089204657075924 0.977568835499311
54380.584940195 0.021162821374990124 0.0280113400657818 0.0031314607847394193 0.01965768406607163 0.018926334786827557 0.20781271748854932 0.9777879339400338
54380.594996214 0.021833023065949277 0.027416817887363287 0.0030991699352527838 0.02046902758360699 0.018949492570228325 0.20678309690346613 0.9779891034546981
54380.604936600 0.022532090499013353 0.026868361127418083 0.0031587961705545004 0.02152138284518786 0.018610043044929973 0.20592538654302114 0.9781539917392374
54380.614895105 0.023223656634230937 0.02643714103943541 0.003216050361875493 0.022650777118144186 0.018482435055473936 0.20546960153424274 0.9782267552749331
54380.624941349 0.023893456485580365 0.026056343138026627 0.003275685330427153 0.023683695264910775 0.018411392056307423 0.20542809682997212 0.9782123492647
54380.634924173 0.024493450534485067 0.02556542363230121 0.0032504943502346065 0.024390710632366364 0.018588260361262657 0.2052712987868911 0.978224546669083
54380.644949436 0.025135076444638468 0.02501763648225296 0.0033261294406394986 0.02474007598243331 0.018568000556035764 0.20490013934213924 0.9782939695680979
54380.654900312 0.02581211288561181 0.024345032214212126 0.003480904879050494 0.024901973509465995 0.018187162444742354 0.2041155125962742 0.9784610244435404
54380.664938688 0.02660071010628982 0.023613718532064037 0.0037104473667278837 0.024804420757938515 0.017439234545675173 0.20297423306746065 0.9787145010267296
54380.674914837 0.027406781899474566 0.0229041928024301 0.0038835476547588567 0.024689438167121373 0.01677639467148779 0.20188567610203517 0.9789541143534986
54380.684889317 0.028226768089188167 0.022214464794792187 0.004046346791017158 0.024459226176329635 0.016272232593787267 0.20099457356852415 0.979151746205498
54380.694934845 0.029018990743718644 0.021525484128380477 0.00421344371613787 0.024229960348491408 0.015966078342218408 0.20035956576567132 0.9792926211148905
54380.704860210 0.029812591063735173 0.020895171665390743 0.004293148952615627 0.0239663415415332 0.0158919808557557 0.19991283422926845 0.9793916061147431
54380.714966774 0.030564893550499243 0.020235421370311205 0.004311984871971739 0.023561669292337457 0.01614626057621914 0.1993391693956433 0.9795141864997252
54380.724974871 0.03131196311190172 0.019494449080568483 0.004278710427415514 0.023073014418339914 0.016698710883502065 0.19859221541447425 0.9796682709148293
54380.734922409 0.03206992813469313 0.018757637485003056 0.004135232952573088 0.022476882258187635 0.01735907835779689 0.19768381931806162 0.9798543563930017
54380.744967222 0.03285226859522937 0.017959590745623963 0.004032545213437464 0.021864714293791082 0.01816775871207138 0.19666925062640367 0.9800576884399611
54380.754889011 0.033636419233239 0.017188679965396435 0.0038497555649258533 0.021151878253287695 0.019126059276599112 0.19589215031548815 0.9802107208899933
54380.764985323 0.03445114725276456 0.016500464581251727 0.0036681761628339837 0.020368188358292464 0.020167704888508654 0.1954890858196837 0.9802869059147509
54380.774913073 0.03532946146051609 0.015893481361111662 0.0034184587770268665 0.01950063457355778 0.021193796187573295 0.19535816864500818 0.9803089993456434
54380.784906626 0.036161377693334974 0.015256728176455767 0.0032196543610905817 0.018437923683609435 0.02225930665966195 0.19525875481488233 0.9803257544844012
54380.794916630 0.03701507065831092 0.014570931812621209 0.0030065015839095496 0.017214796000362208 0.02336828395815919 0.19498398544307988 0.9803768762696566
54380.804937124 0.03779124291541604 0.01380672450714875 0.0030395051507310818 0.015877804732438876 0.02413239916400823 0.19431994251034734 0.9805127651235566
54380.815007210 0.038812595529859745 0.013076130345724142 0.0029621878913690383 0.014601580353255254 0.02477775733023542 0.1937051910081627 0.980638136913593
54380.824950218 0.039804405744246166 0.012350429182437797 0.0028321315988190723 0.01340906755535148 0.02524270962302794 0.19308883835544322 0.9807648561305249
54380.834923029 0.04082651475659489 0.011770833683004994 0.002607159263755608 0.012514610285423607 0.02587479620295417 0.19290349262458517 0.9807966771885478
54380.844953537 0.04181457645804409 0.011234462105025596 0.0023431404354659546 0.011923145590386089 0.02654458275391155 0.19300239601180538 0.9807666893096204
54380.854947090 0.0427612797232558 0.010719671565402544 0.002027381408979372 0.011426405011034094 0.02737603212597848 0.1932439814716106 0.980702173831873
54380.864991665 0.04377208779199113 0.010282962890156969 0.001615106614863265 0.011364930499923726 0.028145410872671497 0.19340614399305298 0.9806491409608632
54380.874883413 0.04470144528374645 0.009720432255031202 0.0012496604250008848 0.011140165838156482 0.029042389323915015 0.19319600325760494 0.9806669876429736
54380.884908199 0.04560583909561631 0.00906230842314178 0.0007542608638911037 0.011031651215982562 0.03023993493160862 0.19278685323707231 0.9807125359786774
54380.895033598 0.046465595009970495 0.008328392270303898 0.0001687678561049259 0.010992457441623533 0.03183609048065503 0.19222449054001056 0.980772845494274
54380.904868364 0.04730148828954615 0.007547980757356739 -0.0005077374024896205 0.011004231772763298 0.033583566235640676 0.1915010903008204 0.9808559442525618
54380.914925814 0.048211189615471266 0.006807285259880537 -0.001225878428487169 0.01108203223440772 0.03539802810649284 0.1909327999316769 0.9809020512150936
54380.924956799 0.04897965057701225 0.006123387057759111 -0.0021002907406226833 0.011460041622219851 0.03773627608584716 0.19076416821742564 0.980843347858109
54380.934977531 0.04978487894741692 0.005487507066457523 -0.0030526255756365183 0.011851011608971977 0.04012794152872404 0.19074158339034838 0.9807481583965652
54380.944917679 0.05050462863568948 0.004890048760514444 -0.003977881439268149 0.012440293920129786 0.0424180964628873 0.19094057398699685 0.9806057522700762
54380.954936981 0.051298241958653845 0.00434852108921769 -0.004899441595975483 0.01318644315213546 0.044451320605347865 0.1913336850823175 0.9804293032984361
54380.964933872 0.0520193119588525 0.003875506248299597 -0.005870370528726317 0.014025818904350836 0.04661899803465433 0.19197961871443844 0.9801906811557465
54380.974980593 0.05272831296021518 0.0033456975518583107 -0.006868984229237966 0.014732631989958438 0.048945905825415366 0.19264377704447747 0.979936540304328
54380.985023975 0.05337736670039731 0.0028173199883912287 -0.007933858051462937 0.015131744183920756 0.05145125025775791 0.19324217629691431 0.9796842657024243
54380.995003939 0.05402928317174757 0.002161748127013821 -0.009005480945501257 0.015207647031087007 0.053997285971583334 0.19358314632045096 0.9794787317957219
54381.004921913 0.054647587870499885 0.0014215897517258491 -0.010091303550297425 0.014871405810445298 0.05667751591141193 0.19354437269093164 0.9793401228781585
54381.015001535 0.05530856205397297 0.0005223491899449956 -0.011199427359331222 0.014127373894727858 0.05938247512546139 0.1932067753860163 0.9792575151101727
54381.024999619 0.05593670448606848 -0.00036289049871807144 -0.012285571734824256 0.013171736641570985 0.06197133889113832 0.19273139399743175 0.9792040993979201
54381.034892082 0.05661355335520114 -0.00123266186734141 -0.013392360688717634 0.012165082439131756 0.06445201510987952 0.1923669215684179 0.979128651405838
54381.044946671 0.057232268534099205 -0.002011675802893742 -0.014492076913576946 0.011130632595261872 0.0669522301448381 0.19235742141437653 0.9789750407050601
54381.054940939 0.05782368186501343 -0.002706829561090855 -0.015600172226631428 0.010213983757352007 0.06946782478664641 0.1925568614569365 0.9787705302884179
54381.064955950 0.05839073960522523 -0.0033234641476095686 -0.016711662870005885 0.009547117584130257 0.07192391862585432 0.19307214602824974 0.9784983131837185
54381.075114012 0.05887268579650154 -0.003908745931771075 -0.017946733724504636 0.008907116284965388 0.07491928855972588 0.19378768309799524 0.9781380768381843
54381.084938049 0.059326047361291545 -0.004411589292059689 -0.019108863877908347 0.008612786776677813 0.0777355213209104 0.19445344750283466 0.9777887631708436
54381.095009804 0.05967474527546138 -0.004989323984616739 -0.020314364880179802 0.008078830589213222 0.08101281288462517 0.19516717114932297 0.9773849967901096
54381.104937792 0.0599590203590902 -0.005505985587502996 -0.02155504895129077 0.007553828665361563 0.08443093640992946 0.19598763265415384 0.9769356194223126
54381.114998341 0.0603106931633281 -0.006001072940441901 -0.022739125373348656 0.006894106112938014 0.0875721029591896 0.19678871192309966 0.9765028422610228
54381.125021935 0.060631158608305716 -0.006540584782497215 -0.02389400709123808 0.006076737583338072 0.09054225120611333 0.19748830823381133 0.9760960721762072
54381.134920359 0.06095751904765617 -0.007125170708274384 -0.025014954264730722 0.0051292070372690145 0.09338283498555097 0.1980921380205969 0.9757114543858031
54381.145021677 0.06129109713977446 -0.007729079963298552 -0.02611574167807068 0.00398683288719149 0.09601162270558411 0.19851067113823967 0.9753765359660934
54381.154984713 0.06161800981372922 -0.008404786689782229 -0.02720828779641628 0.0028135716195793886 0.09868167215340774 0.19878074641552024 0.975059088594244
54381.164989233 0.061964423702992294 -0.009020891004600844 -0.028280318218302736 0.0016812580220818413 0.10111071585293578 0.1989695107457562 0.9747742971092153
54381.174943209 0.06228100986380409 -0.009576006749509057 -0.02936666673614008 0.0006452848306157215 0.103802454172436 0.19949054491803922 0.9743860408501194
54381.184850454 0.06251887097523354 -0.010010254177227708 -0.030526971956122 -0.00022394090040926337 0.10685977918365253 0.2004330042488252 0.9738621813434819
54381.194932938 0.06263725966433709 -0.01049825763196191 -0.03169235680356439 -0.0011860350869007978 0.11026693733363992 0.2014892742237261 0.9732635142779308
54381.204911947 0.06274130313088146 -0.010881170748791691 -0.03287053482032108 -0.0021202502182237036 0.11364837214308425 0.2027036631806137 0.9726205719505421
54381.214909792 0.06284391654268699 -0.011349483346366186 -0.03393911332795678 -0.0032485001828359457 0.11678282458399591 0.20367409971325617 0.972043250187326
54381.225039482 0.06301574631649402 -0.011846615538965745 -0.03494601974746982 -0.004500772618771621 0.11950248695973921 0.2043379545215146 0.9715682678012054
54381.234970093 0.0631694420147476 -0.012377606848673499 -0.03592729982963698 -0.005786060218239506 0.12225497845709633 0.20484917119718282 0.9711112494505628
54381.245125055 0.06337267660587963 -0.01295620412731427 -0.03689935440799284 -0.00726992223144541 0.124930586193505 0.20515368925909927 0.9706963792285809
54381.254919767 0.06359671818854121 -0.013319424453641468 -0.0378459847536059 -0.008234610921934029 0.12739362829938425 0.20572490366525115 0.970247555350492
54381.264861822 0.06379316669157911 -0.01369577037309776 -0.03879385024242026 -0.00936392449087298 0.12999994401001969 0.20651238505722236 0.9697241702120757
54381.274953365 0.06394193185180323 -0.01403860255024273 -0.039720023421388626 -0.0104009160602918 0.13258697814975773 0.2075108686106625 0.9691500160339838
54381.284888029 0.06416752330789262 -0.014260721476504683 -0.04060198522931539 -0.011267022917734041 0.1348042654154781 0.2087632511387386 0.9685653148829708
54381.294995070 0.06438112180156567 -0.014538146550215021 -0.04143027592133262 -0.01215260860723631 0.13691059525369517 0.20986024013771337 0.9680219432536948
54381.304969311 0.06461854885455039 -0.01480249589683768 -0.04223382830470095 -0.013076352781952526 0.1389359325951715 0.21078658166499759 0.9675199391339784
54381.314920425 0.06483678388606479 -0.015151855079647367 -0.042971547121808465 -0.014214730971518938 0.14099350293804416 0.21144008832000608 0.9670635256299842
54381.324972153 0.06510237450607036 -0.01552117982671453 -0.0437380666015783 -0.015350601682339426 0.14298585744975528 0.21189957851608138 0.9666529740408683
54381.334924221 0.065360164365761 -0.015927250642424277 -0.04446690537773708 -0.016544802037596472 0.14496127894473249 0.21224299944289599 0.96626363189335
54381.344913960 0.06558560323917138 -0.016322358868133165 -0.045245876496036015 -0.017620104394338476 0.14734491003917416 0.2125487795810136 0.9658167661131701
54381.354891777 0.06571642824923823 -0.01670735684268488 -0.046025543957810965 -0.018721905807492462 0.15002067650940035 0.21290195850199511 0.9653061912826478
54381.364986897 0.06584021555373432 -0.017112794316016686 -0.046828953258788476 -0.01984120785008789 0.15290772939048927 0.21326084136986612 0.9647514531224668
54381.374935627 0.06593043190197655 -0.017524173245084766 -0.047540119310237244 -0.020954326624218988 0.155581288799405 0.21367221731007469 0.9642092938366845
54381.384912729 0.06608152763120712 -0.01785730301690553 -0.04824042681458593 -0.021929372394824072 0.15806997601811246 0.21421251824016282 0.9636627949325483
54381.395027399 0.0662280833856618 -0.01816329475582166 -0.048857967875262295 -0.02276034708726357 0.16031362732762794 0.21483995503137326 0.9631330651657867
54381.404960632 0.06643185898325324 -0.018373523460557085 -0.049408871792594025 -0.023364155035040534 0.16210512929792406 0.21560576177303803 0.9626474945716474
54381.414944887 0.0666492191709314 -0.018569406064482243 -0.04994721173007646 -0.02387435600944718 0.16391203038537688 0.21634756257539633 0.9621624569623171
54381.424982071 0.06684679389072923 -0.018717785256023578 -0.05046489858151207 -0.024118168759013743 0.16559338950649707 0.21708940885666397 0.9617012695477352
54381.434902191 0.06690110851261374 -0.01893073547190326 -0.0509122761957363 -0.024354786163653948 0.16750120818399244 0.2176353820399351 0.9612414005504326
54381.444962502 0.06708994047222329 -0.019039708361262654 -0.05136902917332612 -0.024399691025839693 0.16890540726803097 0.2183653871178242 0.9608289005761363
54381.455112696 0.06730970720782742 -0.01918258431002953 -0.05177778545171676 -0.024478588019934425 0.1702585588260302 0.21920856398120964 0.9603959742482939
54381.464985609 0.06756385245095267 -0.01926449169108364 -0.05212372057666277 -0.02451750709693059 0.1711942804149983 0.21985356558996752 0.9600811527659111
54381.474947214 0.0677327540621033 -0.019392042803860268 -0.05249695274017731 -0.02470205010013556 0.172303610975978 0.22045618897671565 0.9597397267527025
54381.484978437 0.0679559066968214 -0.019527878387967792 -0.05284537329758783 -0.024898272726347315 0.17338593781410008 0.22094725188519632 0.9594267582613845
54381.494934320 0.06813376305276972 -0.019699638552478596 -0.05304234108235046 -0.025172186518035974 0.17452022874642095 0.22144924198755178 0.9590981618204348
54381.504864454 0.06833142521516691 -0.019825843020385137 -0.0533505646847994 -0.025474170220435466 0.17569839582808994 0.222018051623596 0.9587435137242277
54381.514988899 0.06840179650466426 -0.019998267412343746 -0.053575802970706826 -0.025857239923288 0.17692659292317067 0.22263055868877824 0.9583652843243388
54381.525036573 0.06854190579720625 -0.02013605783148375 -0.053842494312443506 -0.02633621355023468 0.1781549956324385 0.22322453491724986 0.9579864343496832
54381.534959555 0.06873910888891119 -0.02028732554266099 -0.054067090300505466 -0.02688039367956809 0.17925863297758882 0.22383160238516647 0.9576237260596285
54381.545081615 0.0688931079136649 -0.020427877741771114 -0.054292881445714605 -0.027475404785570444 0.18041920300582473 0.22439213068828268 0.9572576377359362
54381.554922342 0.06900776758258018 -0.020662936834448153 -0.05445474275328204 -0.0283375427036378 0.18152984783032888 0.2247902148874571 0.9569290764268102
54381.565005541 0.06922325225177228 -0.020859626954459788 -0.05455313539643913 -0.02916898530008709 0.18211477793939887 0.22501125474428546 0.956740985424503
54381.574952841 0.06957235383747117 -0.02101107640441762 -0.054650700148495227 -0.029893853327748014 0.18205484834115648 0.2251004665629032 0.956709030835322
54381.584930420 0.06986081101779901 -0.02116954452111284 -0.05466402530346778 -0.03079234845860708 0.18230791383975864 0.2256168037264886 0.9565106971195053
54381.594953775 0.0703577572097404 -0.021243746725447456 -0.05452482638310096 -0.03136328669398888 0.18144981038405586 0.2261708605070418 0.9565244651428655
54381.604931831 0.07066933180935217 -0.021424273455221743 -0.05456850091163548 -0.032040642656665584 0.18127017848928506 0.22620936899357 0.9565269682492709
54381.614972591 0.07086697045995459 -0.021742023553033018 -0.05443512499269661 -0.03258917613238961 0.18123835470891067 0.22595821964607885 0.956573827446577
54381.625038147 0.07103790021422088 -0.021934687641242408 -0.05463594704112455 -0.03300461476603737 0.1819265086033845 0.22586302557681498 0.9564514282224765
54381.634904146 0.0711843762528113 -0.022126493593860326 -0.054708011221598685 -0.03365958447284101 0.18227751331369557 0.22577086747830272 0.9563835297156607
54381.644956589 0.07125731089012001 -0.022355449534053922 -0.05509269802415632 -0.033840248522068295 0.18350832093519184 0.22543231342037795 0.9562216300593958
54381.654915333 0.07125503332179756 -0.022609949318943987 -0.055372660100756976 -0.03422546962132392 0.18504635563272148 0.22509701912600266 0.9559904787584634
54381.665000677 0.07114495697032072 -0.023003222900491147 -0.05590993589656491 -0.03454758659839627 0.18722132902008426 0.2246578124177652 0.9556586762750832
54381.674943686 0.07092323922668364 -0.02250940315345425 -0.05644272165708912 -0.033036645915735054 0.18948195642135746 0.22712430499906214 0.9546830459875498
54381.684826851 0.07065283553993279 -0.02215121315514334 -0.056966263201144 -0.03135755540470236 0.19141546304134005 0.22875457811254613 0.9539644475661877
54381.694998980 0.07024718861110724 -0.022038638245259055 -0.05735750762596872 -0.030040942834934838 0.19400827938200216 0.2303583694703217 0.9530967164458171
54381.704903603 0.07025928846903796 -0.02181063753810358 -0.05741237933045016 -0.028489685241849513 0.19408398971992666 0.231054255136697 0.9529604786938658
54381.714976072 0.07030897681605862 -0.021626734018698735 -0.05738302447107138 -0.02703407895980342 0.19423506704418309 0.2316826624750849 0.9528195218474445
54381.724963427 0.07040604212469795 -0.021559553525716018 -0.05721063682792802 -0.02595528981925275 0.19367976772566345 0.23150106811563845 0.9530066767685577
54381.734851837 0.07050930491867835 -0.02148384822197825 -0.05705786283304003 -0.024884630010210462 0.19294432034522316 0.2317360827526513 0.9531272907572373
54381.744941950 0.07072637682397086 -0.02151227981474585 -0.056856941363514144 -0.024367576931666746 0.19198176778322765 0.23118801322184726 0.9534680511563254
54381.754919767 0.0708190579575538 -0.02153176308338447 -0.056807583045128285 -0.023870831792187085 0.1913975749666758 0.23117593416654017 0.9536009852913598
54381.765009642 0.07073766804815877 -0.021638243882049813 -0.056774422505231244 -0.023969889639409953 0.19205161613374422 0.23115254393152812 0.9534726648232106
54381.774970531 0.07050374765816686 -0.021576301589901422 -0.05699863315269351 -0.023920447120398612 0.19248213019620514 0.2315384313711393 0.9532934472463783
54381.784954548 0.07047880222567313 -0.02165213317894269 -0.05687328514551787 -0.02420713182116313 0.1925388598578081 0.2317911156187095 0.9532133449201612
54381.794943810 0.07042115336656989 -0.021715061712498773 -0.057022557128273484 -0.02444171670182919 0.1923582380540616 0.23185163678392676 0.953229106384199
54381.804867268 0.07059235464949987 -0.021636408473732334 -0.05683929923330118 -0.024318563154360068 0.19138912158435437 0.23225315175983988 0.9533295784370154
54381.814998627 0.07065496018119415 -0.021563881405743876 -0.05693893559360227 -0.0244156576714609 0.1910688469012772 0.23228299982402156 0.9533840670983756
54381.825071335 0.07074471101291943 -0.021468607967766583 -0.056835392909880364 -0.02453487061660006 0.19084386910183285 0.23273399787390167 0.9533160776907625
54381.834958076 0.07066805071510504 -0.021501019153236652 -0.057050537202804924 -0.024748109700514165 0.1913847702531862 0.23289284782531852 0.9531633239970994
54381.844947338 0.07067070489319875 -0.021532273386085266 -0.05704805327907831 -0.025057414987762285 0.19156429680218207 0.23299597031917788 0.9530939743592136
54381.854833841 0.07057268133595775 -0.021544448108136702 -0.057072199850352265 -0.025361470914700014 0.1916645981151421 0.23309007958588374 0.953042754770766
54381.864948988 0.07066740462774018 -0.021519782572180762 -0.056962141622285134 -0.02567915188868839 0.1911481152256479 0.23301110777967146 0.9531572812790399
54381.874955893 0.07074390142132558 -0.021554197191793086 -0.056892761163773765 -0.026037308725676264 0.19062849210437366 0.2326910938607013 0.953329791515112
54381.884906769 0.07084172291439225 -0.021699605322627984 -0.056803809382720796 -0.02687411841735063 0.19036172209119873 0.23189051107224018 0.9535549210173575
54381.894960880 0.07091544562171524 -0.02201585314149359 -0.05677372442714587 -0.028028283922313525 0.1903064533294493 0.23074735678755792 0.9538100054293265
54381.904919147 0.07100141645354792 -0.022329089624024575 -0.05670521449639909 -0.029504828924414972 0.19031951379707324 0.22939788507267098 0.9540883387099814
54381.914923668 0.07118511562079148 -0.022771767547333482 -0.056558397591521536 -0.031195058893346644 0.18983675498298505 0.22782867584737265 0.9545066627424891
54381.925042152 0.07131175972368595 -0.02302648685047693 -0.056461801552830475 -0.032533044577114596 0.1898560301210677 0.2269343725892416 0.9546711891403967
54381.935109377 0.07139108025466684 -0.023209718660136762 -0.056354615128746906 -0.033543837072601355 0.18967828495091577 0.2263987730799331 0.9547986985540078
54381.945152521 0.07152502468188518 -0.023200697952263843 -0.056265326858924825 -0.03396752178596979 0.18942682223139215 0.22637954307204589 0.9548382004096443
54381.954955339 0.0715660130653822 -0.02319180260271623 -0.056121206596258855 -0.03429420020913918 0.18945630060575075 0.22632974815604215 0.9548324790728588
54381.965021610 0.07163554682171978 -0.02317900823399193 -0.05606047941041 -0.03465751485304804 0.18955778759475048 0.2263457604647622 0.9547954223528844
54381.974935532 0.07161330975566972 -0.02323562106008868 -0.0560051901338398 -0.03511630647478597 0.19003587271965194 0.22627411838145456 0.9547005999002749
54381.984982967 0.0716130966594099 -0.023260950168444317 -0.05601407889786373 -0.03539628186504742 0.1905964109765937 0.2262163837821088 0.9545921951605918
54381.994959354 0.07157745511307533 -0.023375620660972332 -0.055923715422558376 -0.03565038543147425 0.19117139353717363 0.2259948900655925 0.9545202239742662
54382.004949808 0.07151722340015892 -0.023453411385069442 -0.055902178838863704 -0.03578424766806898 0.1918384159596193 0.22547555343608505 0.9545042087825625
54382.014970541 0.07148574938013504 -0.02354651416796198 -0.05586575914965107 -0.03595636771625432 0.19210442017321813 0.22472579725247252 0.9546210491183431
54382.025072575 0.07152333600463234 -0.023651370649827946 -0.05574674072349512 -0.03613221387054679 0.19209992486265245 0.22375232000769193 0.9548439565079477
54382.035006285 0.0716444089866401 -0.023798409334819852 -0.05555772962309963 -0.03627217695970463 0.19174209986358723 0.22273443458496575 0.9551485057144893
54382.045093060 0.07177674318916372 -0.023841250158829232 -0.05540177155124443 -0.03626689105444157 0.19144475605740174 0.2217524385269635 0.9554367974904006
54382.054868460 0.07173052993753752 -0.023859968509765975 -0.055297284087796605 -0.03610405474235763 0.19184384980118535 0.22132130664568758 0.9554628793151866
54382.065034389 0.07158707419171126 -0.02378336329920032 -0.055290473239277604 -0.03596047136235585 0.1927982941358934 0.22114772825717519 0.955316358367414
54382.074970961 0.07141855970891273 -0.023740243332530196 -0.05513327456258697 -0.035798197717181755 0.19338624451794134 0.2209911444662264 0.9552398460800072
54382.084878445 0.0714054193659428 -0.02361657668603402 -0.05495654674290314 -0.03565132868623631 0.19329807882693315 0.22067904866904506 0.9553353301135932
54382.094917536 0.07138268632652807 -0.023537178674764774 -0.05471663023999823 -0.03555385933283389 0.1929579873963925 0.22015430745531486 0.9555287641381317
54382.104903460 0.07138218795331008 -0.02345000989568841 -0.05445497551629576 -0.035678438531324526 0.192725839694121 0.2193634601949816 0.9557528300085997
54382.114962816 0.07141849579205733 -0.023414851490344585 -0.054194216006944324 -0.035790161841999145 0.19256545208135792 0.21861492480197994 0.9559524703843024
54382.124964952 0.07147152956952124 -0.02330498701388642 -0.05393140420751126 -0.03590625976253648 0.19225251784315264 0.2178222124171226 0.956192027612939
54382.134957075 0.07148311044390274 -0.023189665967705594 -0.0536460052694996 -0.0358166257302714 0.1920090815725488 0.2173005005403146 0.9563629929999868
54382.145024061 0.07141233717375929 -0.02291831461719568 -0.05343902826124638 -0.03549287935907242 0.1923344566244034 0.21701972677418604 0.9563734367393605
54382.154962063 0.07125846068317906 -0.022620392994707608 -0.053163668172271424 -0.035138702969416485 0.1925718896111742 0.2168786845473614 0.9563707309794749
54382.164950132 0.0711687530425289 -0.022245584694608585 -0.05289280757823413 -0.03485315072191269 0.19280380654974028 0.21683756225127535 0.9563437779698314
54382.174922943 0.07109418691067018 -0.0219146246306865 -0.05253263180048201 -0.03479567887686113 0.1926043147943752 0.21656399133048607 0.9564480520724045
54382.185002089 0.07118208606883318 -0.02154128698590715 -0.05205496033423267 -0.03492000334622358 0.19183666281711942 0.21616569909556055 0.9566878690043153
54382.195028543 0.07135740447564386 -0.021196978801533227 -0.05152545344735026 -0.035033503426071214 0.1908705310522687 0.21579057037374771 0.9569616103853348
54382.204902887 0.07156584630516999 -0.02077996043129104 -0.05094690956285633 -0.035225878282990584 0.1897025240443473 0.2153536213314461 0.9572851757182016
54382.214959145 0.07173997271723032 -0.020357931286104643 -0.050411589565213494 -0.035280689260069595 0.1888262916989366 0.21510151758150847 0.9575130503876669
54382.224997759 0.07190709506923937 -0.01985162256335981 -0.04984119547934402 -0.0353282171224993 0.18798627803291834 0.21495297254345427 0.9577099226493422
54382.234892607 0.07192139187203081 -0.019386862677858597 -0.04914520864879926 -0.03528201092409734 0.1871264759314483 0.21493741880900516 0.957883483366506
54382.244923830 0.07208312557465857 -0.018759589753768555 -0.04851837376490072 -0.035118147461705426 0.1862338572077176 0.21514498572930837 0.9580168585489137
54382.254922867 0.07213285573619226 -0.01816222898080054 -0.047838690461424 -0.034944538673859174 0.18536528708297995 0.2153624532914622 0.958142788562226
54382.264904022 0.07226581104299931 -0.017488555165927427 -0.047182411667045 -0.0346987446729542 0.18461279257982924 0.21563638506881178 0.9582353903756912
54382.274954081 0.07235161164594606 -0.016859439361445936 -0.046471337200695226 -0.034465353207808004 0.1839363896717765 0.21578972935597085 0.9583393640497349
54382.284838438 0.07248457118803972 -0.01617581937052467 -0.04579885553137555 -0.03406308158808696 0.18321064273579118 0.21586819944811628 0.9584750843543561
54382.295057058 0.07261975161016179 -0.015456306630440265 -0.04506174721698908 -0.03348911764595841 0.18234747491898792 0.21603311124032146 0.9586227476112755
54382.304919481 0.07275039660665689 -0.014669907126161164 -0.0443974791150465 -0.03287552456679044 0.18168506132157336 0.21623612735576123 0.9587239830124297
54382.314968109 0.0729093862635747 -0.013889967904172268 -0.043655990361267424 -0.032360695635011184 0.18099248268568346 0.21660202823324917 0.9587898977119719
54382.324969530 0.07304038242389539 -0.013071427767020857 -0.042959330887087616 -0.031943905104640624 0.18040693790573692 0.2169351361164655 0.9588389178586109
54382.334908962 0.07313613445613774 -0.012305822159717927 -0.04216533269763303 -0.03191670976623011 0.17966594924078028 0.21716619883442953 0.9589266459979683
54382.344942570 0.07337265006398083 -0.011496261381239072 -0.0413478252764081 -0.03216120863385718 0.17851163702586356 0.2172779931722782 0.9591087142699639
54382.354922533 0.07363082121189701 -0.010697405553966782 -0.04047214804041194 -0.032476000398079276 0.17713679686895117 0.2173973633275765 0.9593259357545639
54382.365035295 0.07396015419815538 -0.009885409193201002 -0.03960618605532627 -0.0331549048563638 0.17571342566566198 0.2173526219222936 0.9595745839007555
54382.374945879 0.07426083089155965 -0.009119174153495148 -0.038762410873198094 -0.033777805320577226 0.17452929831995773 0.2174164733462605 0.9597544795484642
54382.384934187 0.07455115165114135 -0.008249552631351863 -0.03800937284279057 -0.03438575624306817 0.17360877676428868 0.2176320079003022 0.9598509892349346
54382.394939661 0.07475624071944273 -0.007402037829493349 -0.03724868151882753 -0.034850110047467346 0.17298159271859673 0.2179961369354991 0.9598648460545975
54382.404952765 0.07493585294365299 -0.006462560849716102 -0.0366153539878982 -0.0352840300286049 0.17270575177569286 0.21849827512249334 0.9597844884644826
54382.414928436 0.07501392183195521 -0.0055247752985729814 -0.035910754741920875 -0.03577521542258779 0.17249723627390906 0.2189683268483149 0.9596966756619407
54382.424978733 0.07515256156826888 -0.004554753770896983 -0.03528849478697371 -0.03628578828242362 0.17227513424567734 0.21946579853899154 0.9596037635196101
54382.434933662 0.07524842933480813 -0.00358758860029932 -0.034561618880282814 -0.03687972394340426 0.17185554189759492 0.21988929144026306 0.9595594083697172
54382.444946766 0.07543888178803534 -0.0025588438642998104 -0.033893963054256605 -0.03744648664045547 0.17123615568446537 0.2204357333794904 0.9595228121697462
54382.454916954 0.07566257122569564 -0.0014928737932440872 -0.033178501958820536 -0.03793973255616755 0.170529632735124 0.22111609426614617 0.959472716604946
54382.464992046 0.07586401639268814 -0.0003673774470920807 -0.03252262328280476 -0.038457506812501464 0.16985464269921188 0.22197017312405345 0.9593746206600252
54382.474961042 0.076078855024253 0.0007231621086221628 -0.03185697250069167 -0.03902782953342201 0.16934885832429558 0.22276550622061003 0.9592566507168159
54382.484914303 0.07624797143152648 0.0018055032886492677 -0.03122314681445451 -0.03971380207697969 0.1687666187145509 0.2234519352620701 0.9591714523274155
54382.494965553 0.07644387186496256 0.0028439021968304536 -0.03056094226585484 -0.0403786717147911 0.16792224778121445 0.22398562554708812 0.9591674103715854
54382.504905224 0.07670107893627891 0.003924773824495506 -0.029903132574804057 -0.04092613906891056 0.16685347917197446 0.22449801145479917 0.9592109311730975
54382.514865160 0.07698256607424753 0.005047758733151133 -0.029288485016403555 -0.04125027061078029 0.1658471993559802 0.22515590780790806 0.9592173574427811
54382.524962664 0.07718720504338566 0.00621086986123711 -0.028768045494635082 -0.04132183575036679 0.16525354014195318 0.22594253046434304 0.959131766905956
54382.534857988 0.07718225869091558 0.007383021041323101 -0.0282179077318086 -0.041253506661834215 0.16504671571774118 0.22683979902182017 0.9589585159946334
54382.544972420 0.07722837611308225 0.008601134287523748 -0.027849225818105113 -0.040915914817986856 0.16520512604491377 0.22792392019001484 0.9586886047347737
54382.555076838 0.0772607663249494 0.009876537296305173 -0.027528407463254093 -0.04055260836918922 0.16528799504458846 0.22896765828087712 0.9584410133701327
54382.565020800 0.07731277150300414 0.011101674427534559 -0.02718490459385326 -0.04008720044955754 0.1652672755347001 0.22993479603973935 0.9582326093217752
54382.575016737 0.07739824287339496 0.012318579676475585 -0.02680948989333487 -0.03968263605200341 0.16505673008804683 0.23080672835838334 0.9580761026103853
54382.584884882 0.07752130208189939 0.013492624730256605 -0.026445194164353376 -0.03933309553047046 0.16467998419308788 0.23141584094749118 0.9580084127818089
54382.594987631 0.07768539219438364 0.01465039017190296 -0.026072984330291593 -0.03895887988630328 0.1644017468131555 0.23199796472057185 0.9579306946164217
54382.604919195 0.0777750327045441 0.015807104867158462 -0.02579270650759128 -0.03869476750178286 0.16442513489784735 0.23259769671716732 0.9577919405923587
54382.614922523 0.0777800808195627 0.0168849267497675 -0.025482777605581708 -0.03845935769202155 0.16465350710996177 0.23324494583324745 0.9576047700620296
54382.625020742 0.07782208436074152 0.018036242008097537 -0.025264040441449403 -0.03830731893766718 0.164907473332103 0.23395791051146464 0.9573932163244835
54382.634984732 0.07788733091548189 0.019185131489586074 -0.02501640341296945 -0.03815780579406578 0.16494644050945362 0.2347418327705348 0.9572005670536212
54382.645000219 0.07798445311781182 0.020396366767580984 -0.02478938957672009 -0.03800649536835526 0.16483556186909984 0.2356501920938897 0.9570024716891938
54382.654991627 0.0780973479550315 0.02160628225106914 -0.024562608699279592 -0.03788537995639214 0.16461648141431634 0.23658996201233032 0.9568130966428784
54382.665007591 0.07822178502386223 0.022857586638809574 -0.02435795829545808 -0.03774789772884651 0.1643434868951204 0.23758154973499826 0.9566197372821255
54382.674998283 0.07834249028642541 0.02408998661259582 -0.02411190803096281 -0.03760545423916148 0.16409181422377797 0.23846763641253016 0.9564480606389648
54382.684885025 0.07849612556858732 0.025335091788380705 -0.023945833412051726 -0.03740943780765378 0.1637175048164217 0.23934524114673889 0.956300668262869
54382.694945574 0.07867626697098037 0.026554630298982106 -0.023800452917277278 -0.03713277041841217 0.16335357255898594 0.24027319016754964 0.9561409738004005
54382.704919577 0.07879404814354073 0.02779248100804242 -0.023775276891834382 -0.036799147041183415 0.16321303802543968 0.24118555669176062 0.9559481441160045
54382.714926243 0.07889211434697979 0.029005950374146324 -0.023686052054056786 -0.03647699163245585 0.16320027012905433 0.24219014554786056 0.9557086555591906
54382.725000620 0.0789658779287529 0.03026371999873401 -0.023731632021205585 -0.0361384212951962 0.1635016092439592 0.24327049242508847 0.9553955755581985
54382.735019922 0.07907842431447151 0.03157149542764266 -0.023773424130149174 -0.03590181082576685 0.1636382642542018 0.24439605893540112 0.9550937884983584
54382.745033741 0.07921330499556661 0.0328434039774847 -0.02382238994937201 -0.03569388321950177 0.1636300319821798 0.2455485375534341 0.9548073496991909
54382.755049229 0.0793505867910955 0.03405885685430283 -0.023794895940787122 -0.03548850228833023 0.16346002282096794 0.24673190685428598 0.954539026590714
54382.765172958 0.07950507144917801 0.03537019437564449 -0.023875101997871972 -0.0352601611374264 0.1633814966414378 0.24809732097315448 0.9542069623083402
54382.775009394 0.07961758844931312 0.03658826003283626 -0.023951758956491667 -0.03505935300615562 0.1635879049946137 0.2491442086535844 0.9539061811313744
54382.784965754 0.0797143300346462 0.03779778642157855 -0.024121331695420946 -0.035006127923859744 0.163969469853429 0.25021637236214206 0.9535619282278912
54382.794973612 0.07985302631692384 0.03895801419734582 -0.02429000219939082 -0.035094416462383614 0.1643183392249821 0.2511530864426656 0.9532523236257185
54382.805099010 0.0799863866343014 0.04008275147569186 -0.024466990834881113 -0.035353327185643414 0.16458189928641384 0.25198117275734383 0.9529787139595591
54382.815039396 0.08019032721264564 0.041175279860266735 -0.02466826532429378 -0.035639179036887444 0.16465699560019037 0.2526234815163146 0.9527850226069216
54382.825054646 0.08038268083220132 0.04223028129795871 -0.02484564865303148 -0.03615936743311163 0.16476172568960423 0.2532683849533605 0.9525760857158537
54382.835080862 0.08052062414706432 0.043248116424493034 -0.025025864972703774 -0.03670551548936401 0.1650192605454908 0.2539698538020553 0.9523238221012023
54382.845015049 0.08065099441463293 0.04428302533407896 -0.02530010538003855 -0.03725531774112983 0.1653477164408163 0.25479667931916816 0.9520245932620334
54382.854977369 0.08085658959654962 0.045393927427442936 -0.02551415059882256 -0.03765287770656461 0.16554685935119562 0.25595049969220107 0.9516647728410896
54382.865039349 0.0809878842640139 0.0465478092853803 -0.02582214959404025 -0.03782105841524365 0.16584997589771838 0.2572184090157123 0.9512633931243768
54382.874989748 0.08109197507619617 0.04770664476515002 -0.026029558644905266 -0.037969354682245784 0.1661158631886161 0.2586165823595868 0.9508319049289217
54382.884910107 0.08116659928835132 0.04884832152218671 -0.02635037676599608 -0.03807182771927954 0.1665446646944915 0.2598908323247442 0.9504052640160747
54382.894951344 0.08127253605705215 0.04997119106506321 -0.026569784808214703 -0.03820393293283086 0.16666334053134146 0.26114910825252036 0.950034175011779
54382.905034781 0.08140420947160809 0.05106792576512495 -0.026859985397314982 -0.03827615986610122 0.16660580906847575 0.2621687784735353 0.9497604811552425
54382.914967299 0.08155401349624727 0.05210719273756832 -0.027068639657093628 -0.03840061223654218 0.16642542403030705 0.263118672301806 0.9495243733060917
54382.925000191 0.08170072994849883 0.05314596951461075 -0.027369151901010073 -0.038603106163031586 0.16647596868321157 0.2639090675342191 0.9492879205587582
54382.934903622 0.0818750824161467 0.054072141495906105 -0.027636227186867753 -0.03897157724431464 0.16669433866948524 0.26473102963656064 0.9490056351625105
54382.944935560 0.081938884287346 0.05499956719610457 -0.02796381807958727 -0.039349101578978966 0.16705480792735733 0.2654740358220335 0.9487190709886898
54382.954891205 0.08202551456014351 0.055897819935644064 -0.02831616818667171 -0.03976243674048756 0.16745927068427338 0.2662194207778146 0.9484216157843911
54382.964951277 0.08212635863578034 0.056804158509364364 -0.02869601711324402 -0.04003343484848555 0.16770888615289803 0.2669784485950774 0.9481527100553749
54382.974929571 0.08227571581549614 0.05770226773847889 -0.028979425653062472 -0.04029724253730955 0.1678560020104693 0.2679350377885928 0.9478456152550246
54382.984959126 0.08236517657884584 0.058622970471256856 -0.029364598209584848 -0.04048097415674728 0.16815321219520774 0.2688507436333591 0.9475257598648936
54382.994929552 0.08243569145967922 0.05947042446205239 -0.02964799590527646 -0.04069008208175158 0.16845837308517628 0.26983510692364016 0.9471827219861982
54383.005031586 0.0825521756919015 0.060387857682353156 -0.030080648715028635 -0.04087749013243923 0.16874907247663945 0.27085218210332596 0.9468325494978577
54383.014920473 0.0826273781041684 0.061268387606092746 -0.030453220800039503 -0.04099090297180452 0.168999738890801 0.2718459887935551 0.9464980678824715
54383.025020838 0.08274151932552651 0.06214761637773192 -0.03078279947410207 -0.04105784335998011 0.1690436082596417 0.27280731032378874 0.9462106971700798
54383.034889698 0.0828174513283468 0.06298878712761674 -0.0311498285937634 -0.04118493104999489 0.1692349953526553 0.273725394841201 0.9459057701597039
54383.045007467 0.08283205765388006 0.06379231000413685 -0.031602340807103606 -0.041354900040160875 0.16962069550811992 0.27455424440448467 0.9455890009816593
54383.054982901 0.08286939484442483 0.06453057202646575 -0.03192900568291052 -0.041535449956786596 0.16986390989555397 0.2753746145181256 0.9452988311591611
54383.064999580 0.08288414551776407 0.06519009819250568 -0.03230010261697617 -0.04173062510196202 0.17016268166788504 0.2760557351392775 0.9450378023089375
54383.074979782 0.08291127426639316 0.06587949659191858 -0.03271397185720058 -0.04193547816216391 0.17044116403149734 0.27664536042700616 0.9448061017103513
54383.084843159 0.08301440678739842 0.0666435968258085 -0.0330835389349793 -0.042046558018749715 0.17057699140529844 0.27719523221164083 0.9446154668440632
54383.094933748 0.08303439802121301 0.06728492516236473 -0.03352239619425653 -0.04219119033685832 0.17085787574586733 0.27759929185806076 0.9444395813991873
54383.104957581 0.08306476028310772 0.0679410633727687 -0.033998185433533994 -0.04218458750393733 0.17108848668747592 0.2780097844816848 0.9442773692260973
54383.114978552 0.0830568568310165 0.06853278924879681 -0.03440226071611721 -0.0421848283917322 0.17125478927197207 0.2784977425951018 0.9441034078819994
54383.124975920 0.08307349944319362 0.06915401931574883 -0.03485200053015215 -0.042106800360857774 0.1714059497502553 0.2790018934671429 0.9439305913017826
54383.134890556 0.08303594672425091 0.06972824009290995 -0.03534420463351942 -0.0421835574586563 0.17174968844444502 0.27946822062582366 0.943726711320393
54383.145020247 0.08300452610991547 0.0701993387799076 -0.035788731164278914 -0.04239772807277355 0.17195717791039092 0.27976538674890034 0.9435912727429179
54383.154883862 0.0829939772776037 0.0706519481374024 -0.03625785224523567 -0.04269973066006234 0.1720839786176112 0.2799151746935734 0.9435101124423405
54383.165069342 0.08304093788889058 0.07109206143383119 -0.03673064435545301 -0.04293115072574502 0.17190909916425984 0.2798810823678143 0.9435416035631481
54383.174921989 0.08310021278841115 0.07146099147829346 -0.03713988525247125 -0.04319419225157258 0.17169285404895904 0.27984551773340643 0.9435795206705044
54383.184897900 0.08314354875386552 0.07184024952585541 -0.037658929557082006 -0.04340112629378148 0.1717444435410586 0.2798604196395735 0.9435562165914468
54383.194907904 0.08311329898602013 0.07218537482702206 -0.038216764293708474 -0.0436435625074994 0.1721197242249937 0.27996902766646453 0.9434444252481757
54383.204890251 0.08297989656969952 0.07247138108374557 -0.038769284351847275 -0.043771684719309936 0.17273221741527514 0.28013862359329245 0.943276190866117
54383.214879036 0.0828512706421059 0.07284145907652873 -0.03938009257860445 -0.043802108975764475 0.17351300039491616 0.2804939860185249 0.9430258415073622
54383.225007772 0.08277049917665735 0.07322093382019021 -0.039992237620731674 -0.04363787113069299 0.17428750732308967 0.28081344139841263 0.9427955303904794
54383.234968662 0.08264027112300505 0.07355479907775138 -0.04060393821312744 -0.043451560098351445 0.17509270533014615 0.2811895935063728 0.9425427942374346
54383.244974136 0.082520135446058 0.07386460872441475 -0.041176546615421236 -0.043079502334952224 0.17583233191007744 0.28156015289249114 0.9423115343859452
54383.254882812 0.08237513811438404 0.07420397835427286 -0.0417767326828972 -0.0426904900514622 0.17657532937699158 0.2819837101351071 0.9420636190475742
54383.265045881 0.08224777026528096 0.07455211001850073 -0.04234889253829681 -0.04220554888610437 0.1772608463934685 0.2824066192756367 0.9418300193603936
54383.274943352 0.08212069828325877 0.07487452993111698 -0.042899772096208724 -0.041896572463646795 0.17788967816277812 0.28281719489572354 0.9416020252156726
54383.284915686 0.08196839452084151 0.07510071612049546 -0.04358047230373505 -0.04182280348827563 0.17874012411849236 0.2830925734634596 0.9413614693561251
54383.294977665 0.081857127789879 0.07530557917341411 -0.04410886824761433 -0.041963549387896884 0.17935136814330938 0.2831771979316943 0.9412134836685282
54383.304920197 0.08180409396849636 0.0754970402065907 -0.04457114179438275 -0.04232920350619059 0.17979950940593808 0.2830669752591106 0.9411447616948063
54383.314919949 0.08180865721657757 0.07564462314110426 -0.045021377587272024 -0.04290275235867358 0.18014216780408282 0.28302057021115384 0.94106721867051
54383.324955940 0.08185393892431539 0.07580380576641534 -0.0454017166438853 -0.043569032214142205 0.18016331207092678 0.2829634967418937 0.9410497223458266
54383.334919930 0.0818598766072927 0.07599823359075844 -0.0457451504062617 -0.044214868930009914 0.18024421312299002 0.28314512859983054 0.9409494700308628
54383.344940662 0.08190809703507645 0.0762189069629951 -0.046122275006058915 -0.04474465571488864 0.1802556541408162 0.2835049363183666 0.9408138848987836
54383.354862213 0.08189016941571284 0.07642725630987621 -0.04645291903316896 -0.045287746517474144 0.1804318714584446 0.2839570010183409 0.940617765806091
54383.364955664 0.08185692831131984 0.07662286404210567 -0.04677429233267347 -0.04571842474543816 0.18074048698845518 0.28432963433969216 0.9404250959211099
54383.374974489 0.08177569259200626 0.07685621237315785 -0.04711731329441268 -0.04621527090708591 0.18119014167734177 0.2846986788113148 0.940202607727197
54383.384921074 0.0816987734294218 0.07700010612421501 -0.04745735248362679 -0.04671891656864331 0.18171062063209875 0.28498434693118885 0.9399906995222631
54383.395022392 0.08162370359289915 0.07718109564355317 -0.0477574804087423 -0.04712377927520299 0.18205436604727057 0.28531425692000656 0.9398038795558002
54383.405000448 0.08159601403946568 0.0773741509350293 -0.04802328559842295 -0.04739606608234083 0.1823195158148488 0.2856591673184695 0.9396339964049174
54383.414913893 0.08154306378841794 0.07756453505056207 -0.04826936249159719 -0.047645580802125845 0.18264250030268042 0.2862057323585096 0.9393923006275614
54383.425062656 0.08163643013480557 0.07781543793325929 -0.04857545182279826 -0.04782134529740842 0.18274742706379926 0.28672321068922674 0.9392051412165335
54383.435002565 0.08156084510279911 0.07802178811034281 -0.04887460856254711 -0.04806807048340666 0.18312155338350894 0.2872454487883428 0.9389600680736091
54383.445024967 0.08152031858325758 0.0782018242383399 -0.04906927003689613 -0.04835502528098474 0.18329728599482487 0.28763342076639015 0.9387922622898165
54383.454890251 0.08147489908460073 0.0783180101075634 -0.0492946384017837 -0.04883727906101913 0.18349841450433238 0.28795118867090613 0.9386305796165628
54383.464912653 0.0814747210351627 0.07836657868620579 -0.049375663508276844 -0.04945606798464142 0.18333673888097515 0.28789458669082263 0.9386471352271354
54383.475011110 0.08151826631168835 0.07835056616952984 -0.04951334898865425 -0.050166807078253085 0.1831731916837701 0.2878884183530928 0.93864323994482
54383.484889269 0.08161372407013089 0.07838246304460023 -0.04961979957860513 -0.0507892738688093 0.1828779568254592 0.2876702363980395 0.9387342209901164
54383.495012522 0.08165288607781562 0.07836951706660875 -0.04973678666412771 -0.05130458830371801 0.18281304919825409 0.287657589225562 0.9387227171123327
54383.504981756 0.08159925485862199 0.07831973199807901 -0.050072931507331914 -0.051633926230705576 0.18304781590623256 0.28757344587667466 0.938684690394264
54383.514887094 0.08150785619448946 0.07844453674944699 -0.05031739226111872 -0.051704915815755176 0.18347735557909678 0.2878416921017319 0.9385146892607484
54383.525144577 0.08141681338076774 0.07854769748750084 -0.05065676265566156 -0.051530168552291346 0.18413464717344133 0.28821837245499626 0.9382799386210269
54383.535082579 0.0812766482266312 0.07877182949962183 -0.05095442181278974 -0.05113295376323225 0.1847041239058667 0.2887472922288799 0.9380270832348624
54383.545030594 0.08110999577765904 0.07894298146841051 -0.05125449761457119 -0.05071179491401522 0.18536614309955599 0.2891702072311851 0.9377890477601385
54383.554926395 0.08095860350534759 0.07920270294328588 -0.0515657410667659 -0.050197453806269214 0.18587351513060468 0.28969305288107733 0.9375548981882618
54383.565015316 0.08085475583478693 0.07937406646069307 -0.051882010726923486 -0.04991889457890331 0.18644589767311914 0.2899370817949157 0.9373806696348788
54383.575047493 0.08074342935730341 0.07942851588137217 -0.05213129975392951 -0.04994853676780589 0.18699661313323565 0.29002628139512193 0.9372417865479387
54383.584935904 0.08091123029368771 0.0796853234337952 -0.052277942457457545 -0.04972206598416666 0.1866745171535962 0.2903749411158793 0.9372100801696959
54383.595000982 0.0810864624434505 0.07978770181044327 -0.05232954532399407 -0.04966593333662333 0.18582834140660692 0.29018497774718827 0.9374400254340197
54383.604969501 0.08110340627149432 0.07983249894575256 -0.05219482164529683 -0.049780814079025716 0.18484867905107052 0.28949681051560006 0.9378403025590224
54383.614969015 0.08117392323619654 0.07969750691452016 -0.052337703972792776 -0.05053962206180747 0.18444911967394506 0.28840639007451946 0.9382142735098099
54383.625028372 0.08113988975169498 0.07958659254329918 -0.05241503044638173 -0.05127891333646439 0.18460241575917793 0.2878020848583437 0.9383295695511773
54383.634945869 0.08111870695468434 0.07983054068324359 -0.05248633571437043 -0.05129288339041078 0.18419844294028268 0.28787339114165356 0.9383863193826293
54383.645031214 0.08139040122914148 0.07982494381078177 -0.052253153888729344 -0.051379425428135034 0.1827965026523641 0.28733065333725577 0.9388219686998833
54383.654930592 0.08151435075269611 0.08003302338254845 -0.05225106171119387 -0.05117165625038018 0.18125792166395693 0.2869583291521747 0.9392454124247017
54383.665026426 0.08161008192691589 0.08016736897953619 -0.05197817239800985 -0.0507528512959946 0.18027383116867798 0.28664781456925315 0.9395522999193631
54383.674958944 0.08150424619010116 0.08022791103673226 -0.0519878467760744 -0.05061682560006092 0.18009643523684243 0.28615859487624984 0.9397427677612662
54383.684892178 0.0816049180032333 0.08014657291675986 -0.05200366594584846 -0.05016053796258391 0.17981654946701828 0.28556796250401334 0.9400004615745602
54383.695004225 0.08152662480169084 0.08035588300802848 -0.05208571099493818 -0.04943952245516562 0.17962083225381964 0.2851480076158699 0.9402035439161831
54383.704956055 0.08150020406099956 0.08035292410888323 -0.05208477278792081 -0.048582287335587546 0.17936509059111574 0.2845194473912841 0.940487431968467
54383.714879751 0.08133204845055922 0.08041885948417817 -0.05218312648463529 -0.047785838383804055 0.17938145676045483 0.28380238393888507 0.9407417358080059
54383.725032330 0.08123570356667086 0.08043080587910628 -0.051976812473253996 -0.046912403619169665 0.17903630668160728 0.28280785615528026 0.9411508613252905
54383.734893560 0.08133769449433179 0.08026751419645274 -0.051781831023189756 -0.046307023547546726 0.17826966646448833 0.2816498844930716 0.9416734721514919
54383.745037317 0.0811421617470418 0.08016026710264676 -0.05168192936495753 -0.0454243432903728 0.1782371329269089 0.2807428889588214 0.9419934096275242
54383.754907370 0.0813620241708272 0.08011778345403964 -0.05130546296261715 -0.04467534810106583 0.1762688345702704 0.27969516879769857 0.9427109969563918
54383.764997005 0.08150822229087866 0.07999006926090418 -0.05083810069654051 -0.04407272486461091 0.17420698342859386 0.27814869755275307 0.943579792014128
54383.775007010 0.08164366534734505 0.07987820719816646 -0.050152025216702756 -0.04379744494984643 0.17176150169949986 0.27606116468214936 0.9446533775433893
54383.784910917 0.08180385677563301 0.07972156437184748 -0.04960551055440421 -0.04330012887940614 0.17040666805885607 0.27458801507863906 0.9453507752656042
54383.794921875 0.08180336902730259 0.07961561976083725 -0.04923569979466969 -0.042963609103609336 0.16936108591909627 0.27333426531362026 0.9459171899667329
54383.804904699 0.08174173298466153 0.07937841010690416 -0.048741360498941705 -0.0424381287511871 0.16885692118120166 0.2723446281042369 0.9463164105837266
54383.814991713 0.08166017225065761 0.07939699100528425 -0.04853941585550565 -0.0417618590090595 0.1680578396995773 0.2717234008374552 0.9466672610188579
54383.825006485 0.08166050101641754 0.07942663430496218 -0.04814594548335066 -0.04046724801986299 0.166920393673252 0.2713130703977236 0.947042344272433
54383.834919214 0.08158189714426631 0.07964631372956162 -0.04774268989809537 -0.03887201635875397 0.16599770682152776 0.2713832636501998 0.9472512084366876
54383.845003605 0.08139508137210583 0.07977208454755902 -0.04737479575057969 -0.036992232101215244 0.16553132267468076 0.2713282121779784 0.9474238530109123
54383.854910851 0.08120021545709655 0.07996687370989453 -0.04711083127945373 -0.03493331348476085 0.16521254208685732 0.2717106368222407 0.9474480510211767
54383.865037680 0.08098635941406987 0.08015641055779427 -0.046981416147225535 -0.03272939482684449 0.1650945050459843 0.2720984715303583 0.9474360204830365
54383.874946594 0.08070946390699496 0.08039991820632227 -0.04683716635325923 -0.030610567860537025 0.165086386472683 0.272470898537041 0.9474012284069855
54383.884905100 0.08047994319247784 0.0804853926527045 -0.046724197698319474 -0.028695576789434758 0.16499882167715993 0.27246036949524527 0.9474794455672296
54383.895029783 0.0802819884215698 0.08048766497456877 -0.04653673708933642 -0.02708097584225351 0.16479079079834882 0.2720959710497936 0.9476678735474555
54383.904955626 0.08011261155282973 0.08034290922933066 -0.046445559945989215 -0.025939447571963842 0.16467072716794234 0.27120090970617944 0.9479771955317191
54383.914922476 0.08002066197467944 0.0801628311082788 -0.046242115403554204 -0.02489992042482038 0.16417436551154016 0.2703186293821706 0.948343086799638
54383.924963474 0.07995585447298853 0.07997716956303272 -0.04602048114819265 -0.024090899397256955 0.16372031276361487 0.26914160568185486 0.9487771518358821
54383.934920311 0.0798893282726241 0.07970797292008819 -0.04578030686295676 -0.023352211225211656 0.16316721170521523 0.26813148019117805 0.9491768247200975
54383.945004225 0.07986822509976411 0.07949132110907901 -0.04557404449057781 -0.022681341957224613 0.16239324717612086 0.2670443074121125 0.9496322066344424
54383.954888344 0.07983977216592687 0.07933375110201915 -0.0453152509652161 -0.021909908610639947 0.1615189068651809 0.2662693674726241 0.9500169590988781
54383.964941740 0.07980187467264538 0.07921881877717005 -0.04511963188830062 -0.0210872821701101 0.16065759315641345 0.2656453657938244 0.9503562510575346
54383.974985361 0.0797424552487986 0.07916632288138065 -0.04488861257275012 -0.020147188602839105 0.1598296567998274 0.2653699427218937 0.950593164870456
54383.984851360 0.07963651588937617 0.07910137220532468 -0.044681262505310446 -0.019308321995127366 0.15921719370116091 0.2651058546268003 0.95078702124832
54383.995007515 0.07948768687469823 0.07902706436621967 -0.04448362981339013 -0.018553888981607064 0.15876971942811613 0.26484084214594616 0.9509507125649581
54384.004908085 0.07926147145265859 0.07883743561378947 -0.04426793783898159 -0.018058180200157814 0.15846607668280197 0.264208124168804 0.9511868753256748
54384.014944792 0.07913350259119832 0.07863349276135523 -0.0439880461343624 -0.01747062078435456 0.15784474503471893 0.2635120209046348 0.9514942084495781
54384.025076151 0.07901356217688071 0.07847298877283262 -0.043696535124985295 -0.016825210321755303 0.15695685635894419 0.26275347471594285 0.9518624212900963
54384.034977436 0.07890375307328483 0.0783737255711672 -0.04332930914467648 -0.015982252694536445 0.15594139407354446 0.2622665728292284 0.9521780789272659
54384.045017481 0.07884067514607135 0.07836321227223039 -0.04294929360263406 -0.015004715290981206 0.15469034962937767 0.26192256371392314 0.9524926901914279
54384.054860115 0.07877593423660437 0.07841592331965754 -0.04245325933302385 -0.013785596333809595 0.1531193777040745 0.26195282348541726 0.9527565962895539
54384.064965248 0.07869229566577489 0.07846573764836995 -0.04193336950894915 -0.01257538080336397 0.15149423277435053 0.2618111692076498 0.9530720166450617
54384.074975967 0.07859858450045207 0.07845617033553778 -0.041371891698071 -0.011467056486158199 0.1499453550037612 0.2615988064407448 0.9533891973360706
54384.084909916 0.07844780454303982 0.07832534103139208 -0.040790397371467724 -0.01057660617043435 0.14856323140838207 0.2610088324500899 0.9537774850867764
54384.095012903 0.07830174061282465 0.07819921407822075 -0.04022276579032043 -0.009734429368802679 0.14722651813449583 0.2603826909699817 0.9541647905294388
54384.104949474 0.07818775990747806 0.07800028925914652 -0.03956183383841007 -0.0089126251719613 0.1456148084056599 0.2596384395911504 0.9546228435210419
54384.115134001 0.07812443424659261 0.0778850843823127 -0.03885249186417191 -0.007866077560194338 0.1437280195766904 0.25894098379447167 0.9551072966551616
54384.124968290 0.0779398645597485 0.07769028433195324 -0.038118816579680304 -0.007064105807061821 0.14226043055537899 0.25848100867976415 0.9554578151123349
54384.134933949 0.07775599387318242 0.07757711696888948 -0.03734986300995997 -0.005982600186785102 0.14089523521863484 0.2585185120568312 0.955657323579751
54384.144959688 0.07754773113052266 0.07747744848143123 -0.03657497724059293 -0.004945921176863374 0.1393828189031574 0.2585902736257434 0.9558655962239071
54384.154880047 0.07734370270763691 0.0773317744615139 -0.03574321228691498 -0.00397478228419032 0.13789942651790002 0.2585582556249873 0.9560939167885085
54384.165006638 0.07706890347732354 0.07705343389225078 -0.034881546892180676 -0.0033403118346041864 0.13664682409419648 0.2583112986864428 0.9563429096055142
54384.174955368 0.07684087330794494 0.07674543577549764 -0.03399958903430219 -0.0028710994759792545 0.13527972344952757 0.2580883717109377 0.9565989471031292
54384.184848547 0.07664506795136886 0.07630726665304624 -0.033059378601167574 -0.0026360094625084915 0.13376203891062613 0.2574171672200269 0.9569938194267519
54384.195015430 0.07640744167075318 0.07570527819329811 -0.03213643430396009 -0.002761595524383327 0.1325425286175154 0.25652756899631857 0.9574019312925339
54384.204903841 0.07607740252333418 0.07510907476559435 -0.031198695293554575 -0.0030535975404881377 0.131647289892314 0.25581217442489035 0.9577159276226324
54384.214999199 0.07576227154895597 0.07449948704364519 -0.030260223045067203 -0.0034417372623870707 0.13070479210423078 0.25533621815309987 0.9579706819443271
54384.224973917 0.07538811462261011 0.07394223418479143 -0.02927883762546122 -0.0037748614959010156 0.12961797950547085 0.25518239417486266 0.9581580639501978
54384.234902620 0.0750327697082984 0.0734279273874486 -0.0282925018736727 -0.004034888235755971 0.12839904504218738 0.25549200398452715 0.9582386137122371
54384.244976997 0.0746241415666507 0.07300155755856591 -0.027227209648737795 -0.004277695794794593 0.12699579687287724 0.2560538767358471 0.9582745854419045
54384.254927397 0.074217273298844 0.07250982490022168 -0.026086218062659112 -0.0044717954759722275 0.12539130130890255 0.2567870690449351 0.9582888008176831
54384.264942884 0.07383649837959057 0.0720622815507502 -0.0249292209940457 -0.0046899447579499464 0.12355222415050868 0.257368852051422 0.958370557936419
54384.274974585 0.07342602736792876 0.07156504209519843 -0.023743474441313257 -0.004977659255519178 0.12145164841510869 0.2578355179113736 0.9585121625253185
54384.284901381 0.07303228277385856 0.07100986140079724 -0.022525840496454716 -0.005395424374728546 0.11915246159997116 0.25796853101874956 0.9587626490923145
54384.294949770 0.07261593571232916 0.07032826122313574 -0.021308598238062713 -0.005940089272048667 0.1167740939195037 0.257919440008092 0.9590652161321623
54384.304982185 0.07217654777203944 0.06968397892168403 -0.02010859064007233 -0.006486531135867092 0.11437240600815993 0.257897788476605 0.9593568722621444
54384.314911604 0.07171984992148323 0.06906821157657547 -0.018939501805863 -0.006916891000359936 0.11203664685748305 0.2583393982977436 0.9595106574014594
54384.325028181 0.07115398012919606 0.06849173900449794 -0.017800190193639973 -0.0072683455749376485 0.10980994414849925 0.2589609827561926 0.9595979140914458
54384.334965229 0.07056537952323147 0.06793713592502817 -0.01670037630636939 -0.007542238534457072 0.10766009147906394 0.2597222968920787 0.9596336529310088
54384.345000029 0.06987930753304102 0.06732147264869412 -0.015570103014416265 -0.007814856901260821 0.10549097443838262 0.26034061196602837 0.95970482341437
54384.354907751 0.06921911791314386 0.06668622457361417 -0.014507708768153913 -0.008078180399837178 0.10327847463362222 0.2608193906008044 0.9598132866164153
54384.365010023 0.06852112433695264 0.06595241504930358 -0.01338267347294254 -0.008366831510077907 0.10093116060325388 0.2608979664602982 0.9600391388097901
54384.374933004 0.06779935083006182 0.06516333890978677 -0.012356547109347797 -0.00864787739128646 0.0987607379831191 0.2607805784176487 0.960294236559718
54384.384952545 0.0670590947471445 0.06433913945856802 -0.011360331686349801 -0.008897739520753054 0.09658146498646897 0.26044264683023177 0.9606052667795193
54384.394959450 0.06629518079649817 0.06352096051817425 -0.010379188632773968 -0.008937168125309296 0.09441819609536431 0.26030109622521647 0.9608582989056961
54384.405030251 0.0654733457517836 0.06278789017788934 -0.009440284605768727 -0.008673045877720754 0.0922542869368117 0.2602797523341027 0.9610766750586976
54384.414952278 0.06458331773865847 0.06210877348563499 -0.008599797714545693 -0.008113908951676184 0.09031394790974442 0.2605949196667691 0.9611804425488224
54384.424957275 0.06360336706993885 0.06150195085490096 -0.007789180292896146 -0.007243465562669258 0.08845816986967828 0.26115012986850694 0.9612092873352875
54384.434908867 0.06255488294939945 0.06101027140483779 -0.007086938361827749 -0.0059678636119960445 0.08681669435892872 0.2621890010781863 0.9610848942201308
54384.444946766 0.06145286694809228 0.060551344649052305 -0.006424378251517716 -0.00449797044417912 0.08527911708335628 0.2632292116448677 0.9609462121202142
54384.454848051 0.06027130824395311 0.060082123040760965 -0.005866579279731601 -0.0029390922102376996 0.08390271264761714 0.2643757027569274 0.9607586504107741
54384.464936018 0.05903898571596067 0.05957038529467042 -0.005308685804323033 -0.0013351430520325835 0.08256696259716284 0.26519391840557827 0.9606524344013316
54384.474941492 0.05781593829416057 0.05892132215174914 -0.004770006187627395 0.00021058238994514297 0.0813052948108801 0.2658447971042133 0.9605810473580002
54384.484849215 0.05657297377315133 0.058273540515438774 -0.004251546200789381 0.0016578519591345967 0.07993079463752717 0.2661448881457719 0.9606118977554722
54384.494929314 0.05534706475995459 0.057514419137531095 -0.003783237472440527 0.0030617738384406887 0.07848413454022649 0.26620738727709303 0.9607104106470054
54384.504920483 0.054157686104660915 0.05679738415750607 -0.003312388834868632 0.004482008195379757 0.07671698567685553 0.2660626478140406 0.9608876537605089
54384.514844179 0.05297982667757853 0.05607628020818203 -0.002887596725973829 0.00594043940164424 0.07497387818631342 0.2660433903240021 0.9610226549017094
54384.524975300 0.05178625526812852 0.055423148792212475 -0.0025144960992401627 0.007438488741084973 0.07328324476628226 0.26599281983271006 0.9611566234070373
54384.534899950 0.050541191654939144 0.05469453099537076 -0.00223909988401456 0.008870331454127748 0.07192674200789446 0.2660911772087774 0.9612197180747339
54384.544935226 0.04923207883947778 0.053980110534679694 -0.001972363328929495 0.010196738138707919 0.07069447972210241 0.2660420764719958 0.961311567918862
54384.554932356 0.04788164353927568 0.05313501609175092 -0.001902831568524701 0.011258312703842428 0.07001926508985021 0.2657504642653569 0.9614297913285645
54384.565022230 0.0465540330266697 0.05229725544373413 -0.0018314241838573086 0.012285568601728837 0.06915178275211115 0.2652575168858941 0.9616161112844703
54384.575037003 0.045273353041430514 0.05144426336462328 -0.0018190761169014392 0.013363623606840454 0.06826882926321502 0.26477860701172345 0.9617967923548384
54384.584907770 0.043980168351648016 0.05063361120550022 -0.001808813704975279 0.014517511134286471 0.06737659029027439 0.26412503354740824 0.9620226627293678
54384.595025301 0.04268557997420182 0.049802561489212395 -0.0019365633735039089 0.01566119994838793 0.06672275086233752 0.26351256154919644 0.9622182347260522
54384.605013609 0.04147047706708189 0.04902814852425376 -0.002128563969700877 0.016787819054976894 0.06610912086194562 0.2627985279779864 0.9624368482985477
54384.614876032 0.04019326616567129 0.04823307143013167 -0.0024176674942608467 0.01789574948248959 0.06571720487812233 0.2621688302843515 0.9626154453159381
54384.624970913 0.038923253384372865 0.047475384494129455 -0.002744902801773928 0.019065417386203265 0.06533552764631748 0.2615649678862517 0.9627832291132472
54384.634961843 0.037641735125581374 0.04671958805340909 -0.003142270856983052 0.020223527270915267 0.06522678684472673 0.2610688948090581 0.9629016083618369
54384.644912958 0.03633548153897269 0.04597562047566253 -0.00358890120230468 0.021313788131525877 0.06533073166362084 0.2605224289581492 0.9630190454739338
54384.654891491 0.03499129112708049 0.04510072767453189 -0.004158162510904499 0.022110943304980042 0.06601376245320632 0.2597017451517112 0.9631761484370818
54384.664929628 0.03367426789614293 0.044147174864753724 -0.004785140995663437 0.02264832961172318 0.06668160581134591 0.2583807923940595 0.9634728759721454
54384.674921513 0.03240121686878747 0.04306882288981757 -0.00542928425826913 0.022988163074041595 0.0672436441913972 0.2566124855157027 0.9638982669098412
54384.684894085 0.031224474405080627 0.041947355901129434 -0.006042470507710355 0.023340080842629736 0.0674482471049133 0.254293540849423 0.9644899012799444
54384.694975138 0.030077622882689888 0.04075852614565355 -0.006612074196930699 0.023738831717782755 0.06765296974487038 0.2518520314933203 0.9651062624323097
54384.704931259 0.028962158396090038 0.039692919103581206 -0.007166186122316249 0.02427441645734125 0.06765097778648595 0.24939506231351588 0.9657309153194928
54384.715033531 0.027884105671129495 0.03865293821782504 -0.007665420586293914 0.02502119326578434 0.0676072087562972 0.247280751206734 0.9662584723014709
54384.724981070 0.026901132909359256 0.03785485318786961 -0.008246482253631697 0.0259361119417431 0.06745678119987127 0.24550980163996602 0.9666963525669281
54384.734985590 0.025785174380130768 0.03714221709021094 -0.008786823064108919 0.026850374002381255 0.06752860488586529 0.2443131667006569 0.9669695039218135
54384.744911671 0.024742385958749467 0.03645763588047469 -0.009263297292517585 0.027591273383793267 0.067417583203773 0.2431015505422512 0.9672617159962326
54384.754930258 0.02368268289436443 0.03567359972917379 -0.009679171530329083 0.02801212521928132 0.06726717549512083 0.24177548276097519 0.9675924058596705
54384.764932632 0.02269295889481576 0.034819967207123194 -0.009993858944453052 0.028132893367066023 0.06668173177426828 0.24013780382263022 0.9680371491495695
54384.775022984 0.021814309875646205 0.03391342985298033 -0.010196835495732755 0.02781385027375984 0.06569591660421464 0.23834536683161547 0.9685566180582236
54384.784915209 0.021064288426542056 0.03309135104459991 -0.010310872508238781 0.027566874922949278 0.0642340720090318 0.23657282966951473 0.9690961498542237
54384.794936657 0.020374970483057885 0.03220064253641665 -0.01030356006596438 0.027132972716449225 0.0625583030179721 0.2347584398590426 0.9696590820644276
54384.804969788 0.019482830991574603 0.030918837709789013 -0.010399319897827327 0.02921113589056391 0.06092572576256171 0.23042753084956713 0.9707409121422977
54384.814990759 0.018877969183451363 0.03158374162365367 -0.010476095801181369 0.033661654917878106 0.05926357568779875 0.23313923633358669 0.9700519666835784
54384.825083494 0.017723647594940693 0.03238962524693165 -0.010860743319617144 0.03838305502726974 0.05869531984525195 0.23420319383290902 0.9696548171970798
54384.834846735 0.016585478851447233 0.03231141651942819 -0.010869674247540258 0.043092451560843764 0.05874303526513183 0.23517755742418026 0.9692181451615072
54384.844920397 0.01571948092610484 0.032678949239924204 -0.01094086596441056 0.04850729478268647 0.05731334511941156 0.23633089470372395 0.9687672223153642
54384.854907513 0.014766538838665206 0.033168406472847654 -0.010916257409212524 0.053122494560161174 0.05669381417443364 0.23839099787919454 0.9680565810613666
54384.864881039 0.013810551311598432 0.03366773563260551 -0.011136304463758242 0.056525324153862966 0.056059438108192396 0.240213431118192 0.9674501199745236
54384.874937534 0.013129846651538355 0.032915062559923734 -0.0109679626480772 0.057935955007885745 0.05505780914466085 0.23923029302200344 0.9676677785635527
54384.884950399 0.012620120432853075 0.032924912272233764 -0.010568083345159334 0.061746929228510036 0.0528471389691982 0.23957206096161457 0.9674707872800212
54384.894945860 0.011856924097381719 0.033235809913010124 -0.009846640175501834 0.0653368738494417 0.05223627090102684 0.24049507687507 0.9670390803461828
54384.904874563 0.01086685496825722 0.033114155649380264 -0.00953734058702449 0.06695384361996218 0.051648111578498294 0.24050943573268838 0.9669564968076034
54384.915026188 0.010644820386460745 0.03315789312687885 -0.008579369769717515 0.06906704860577167 0.04785707868421637 0.24035381289678506 0.9670416161896436
54384.924992085 0.010408267179902248 0.03349607423328863 -0.0075004738967256596 0.07107123778449627 0.04420793555287493 0.24069649432280943 0.9669848681415042
54384.935005665 0.009975096028809593 0.033440621185439376 -0.0066273653545940135 0.07213631294649862 0.04161268851881316 0.24013246924643175 0.967161379358343
54384.945033312 0.009732251918481653 0.03344990097159278 -0.005879071049428671 0.07350984759810318 0.03857424190769405 0.2392798933483635 0.9673951947402604
54384.954997540 0.009469355233217853 0.03355802502319525 -0.005168851142470409 0.07506218864140919 0.036729108837233605 0.2392782235323919 0.9673482165919193
54384.965012789 0.008799087706058546 0.03382738630603084 -0.004841096254434721 0.07633820329059555 0.03649120151829673 0.24006736043613983 0.9670618043244906
54384.974969864 0.008070870286519864 0.034012191670194605 -0.004777338569438129 0.07654356902768861 0.03729774752685695 0.2410883870944266 0.9667607510020949
54384.984890938 0.007378323706839045 0.03401247061990054 -0.0045526116768309696 0.07675043032680644 0.03751190111872729 0.24192101463326438 0.9665280396335747
54384.994941711 0.006736912016282608 0.03415354793269152 -0.004541667932712866 0.07658629195135994 0.03766899569038978 0.24264808170981217 0.9663526763513242
54385.004956007 0.006129875754611758 0.03423114595152367 -0.004510504158538358 0.07655426173553789 0.038015520106506696 0.24326070536904268 0.9661876083165808
54385.014916420 0.00550103459494632 0.034261173100203206 -0.004635665015504987 0.07641398385824061 0.03865671595202616 0.24372719170211404 0.966055700986086
54385.024977446 0.004916207815729424 0.03443765322589569 -0.004796044632994823 0.07657777808654015 0.0391653569407765 0.24438959981431443 0.9658548763772069
54385.034913540 0.004378817245768267 0.03452059655419812 -0.004810550137300307 0.07664055076920656 0.03932568742445247 0.24495183610193705 0.9657009445354586
54385.044975758 0.0038855627142417998 0.03460093733639202 -0.0049437694519582085 0.07665009428623129 0.03935887170540539 0.24531182555253986 0.9656074515599337
54385.054896832 0.003431210239336579 0.03461798900413675 -0.005157307902289883 0.07640136601699277 0.03958059975902814 0.24557410708617308 0.9655514306976517
54385.064949989 0.002916049640534924 0.03464587521157919 -0.005400724828360725 0.07620236325917862 0.040067334676055485 0.2457323597886971 0.9655068181418252
54385.074965477 0.0023589936289253703 0.0346281940078593 -0.00580340021420593 0.07589121759875704 0.0410531168934877 0.24598293361227297 0.9654261033637986
54385.084908962 0.0017795266285151705 0.03460852844833946 -0.0062799946563479045 0.0756132106572595 0.04205266527771046 0.24597136018209678 0.9654078442230056
54385.094963789 0.0011835633509538687 0.03452221926475192 -0.006731917375743546 0.07522778841860099 0.042869403376472534 0.24556774194423864 0.9655047789732578
54385.104967356 0.00087218788376308 0.0343951298906176 -0.0069195988469417805 0.0747660949527045 0.0426317260669858 0.24528662496215234 0.965622617067739
54385.114933252 0.0006635129530512852 0.034649765168206934 -0.006772478205039937 0.07524173783859527 0.041376189046831095 0.2458527369972732 0.9654963094584766
54385.124969721 -0.00021917165901947852 0.03563169717743412 -0.006672171899866202 0.07697190299359552 0.04256092088208779 0.24836120259078107 0.9646660599455514
54385.134915590 -0.0007935363659000681 0.03537684536967609 -0.006427499475952189 0.07551255309275726 0.041996909719703934 0.24797683229413262 0.9649049717691252
54385.144994974 -0.0008903260889633925 0.035398431052232754 -0.0057164845850681285 0.07456941747452685 0.03887821877759954 0.24764555626914608 0.9651940553807489
54385.154956818 -0.0008100453071067382 0.035795647076471 -0.0047165107634021194 0.07425613797580097 0.03480102438846675 0.24801884420360387 0.965277974261477
54385.164941311 -0.0010096213574262054 0.03601661153325242 -0.003959295818269103 0.07392051155161282 0.0314157387709845 0.24817997297720107 0.9653784285669826
54385.174993992 -0.001208857245258977 0.03628101309775038 -0.0028771605456698675 0.07435216581354612 0.02808698946541307 0.2483476142094171 0.9654047539649343
54385.184834242 -0.0013297284072402195 0.03667158287710908 -0.0018520629762168884 0.07538441263104867 0.024126800035792515 0.24870824395486668 0.9653389545859999
54385.194939137 -0.0013742533992755802 0.03713022508153809 -0.000555285224741841 0.0765462653033551 0.019452368063925984 0.2488772458050693 0.9653094794755188
54385.204934120 -0.0014512848446506868 0.03756838015532673 0.000581544875976787 0.07747119005481723 0.014968110990974122 0.248951697387239 0.965296442929769
54385.214972258 -0.0014816779903928969 0.03792581931252307 0.001692008828319484 0.07786797475842372 0.010889676390747227 0.2492019973935089 0.9652545560370135
54385.225006580 -0.0016074293939969883 0.03828978848643894 0.0026419288303856183 0.0780142417726257 0.007503983948518641 0.24963813722238493 0.9651623017657084
54385.234872103 -0.0018133142191905476 0.03852468849669002 0.0034287976466934223 0.07811908489322114 0.0046746318548630175 0.25007131848962433 0.9650595277294185
54385.244962692 -0.0020337051142165913 0.03874540705440404 0.00404210894556214 0.07829722998921124 0.002279948712486504 0.2502919446126002 0.9649965223107947
54385.254880667 -0.002149982605687762 0.038923814847445726 0.004624894703312927 0.078776500312604 -0.0001719353606663265 0.2502204111342726 0.964978745511281
54385.264951706 -0.0022883287594961076 0.03917550680915211 0.005101415809757382 0.07949281941155723 -0.0022137803903434787 0.25031556730996596 0.9648927959108592
54385.274963617 -0.0024583883272618658 0.039449394284504245 0.005409618735422479 0.07996641521151299 -0.003273482279588364 0.25054120457341783 0.9647920820378275
54385.284875631 -0.002696955836323015 0.03963003888306647 0.005582719480639099 0.07982458849985127 -0.0036419998529301084 0.25061839495871324 0.9647824578713169
54385.294944286 -0.00293707534001603 0.03969064784246145 0.005574247843692666 0.07891361478697514 -0.0032813260852169145 0.25068426236269903 0.9648415802109924
54385.304897308 -0.00316483647686127 0.03980571558258542 0.005523454608416714 0.0774814018905475 -0.0028675535734598023 0.25084988698449423 0.9649159257144869
54385.314945459 -0.003223919963935229 0.03994494283738838 0.005460104133391326 0.07581048280766138 -0.0029665281698334593 0.2511758543414704 0.9649635540282956
54385.324995995 -0.0032537788073547895 0.04016298380131074 0.005512519320494032 0.07387168531037039 -0.003457361565378394 0.2514726929540292 0.9650349762878341
54385.334854841 -0.003207264692516157 0.040403355079169076 0.005435893101262101 0.07198186822801969 -0.003534269496752998 0.25177707706198016 0.965098141668325
54385.344961166 -0.0032067781897427185 0.0405552964637548 0.005348423351436612 0.06961175220119961 -0.0034424963436480716 0.2521247090888095 0.9651815809687242
54385.354867935 -0.0032270313274838473 0.04082358150244233 0.005075956198182616 0.06731382644319074 -0.0030452990211525047 0.2524705292049525 0.965255513740491
54385.365042925 -0.0032299140028183917 0.04106084302290004 0.005012612003666296 0.0648035944962567 -0.0030055667049323775 0.2529450751248006 0.9653031905465018
54385.374964237 -0.0032351737703512178 0.04123849782121123 0.0047752811946599055 0.06210775653385771 -0.0027263022986002763 0.2528576862530023 0.965504108928018
54385.384914875 -0.003162423492838618 0.0413267189935036 0.004720636984634891 0.059430923575523986 -0.0028035336957307234 0.25260757274156037 0.9657378110622958
54385.394914627 -0.003166076548989819 0.041576467864021006 0.004507643394948597 0.056719862925660024 -0.0024982837703454407 0.2527022326031615 0.9658769059074117
54385.404940605 -0.003184558654584356 0.04179866392007164 0.004369352560410979 0.053757353025936906 -0.0027266675110123977 0.2529286023262147 0.9659864566365497
54385.414941072 -0.0031566988606306565 0.0422499733499663 0.004031454116441995 0.050728483407584166 -0.0030317117706160773 0.2538418469294612 0.965909802436204
54385.424979210 -0.00326393523288903 0.042555999108114036 0.0035843967913722187 0.047380403914426016 -0.0028718045512756063 0.2547164177309453 0.965850090128815
54385.434840918 -0.0034234427966719494 0.04297861445720014 0.002990861946007385 0.04452147423125747 -0.00199967615378762 0.2560134217722097 0.9656453632157306
54385.444914341 -0.003866764891391445 0.04328353703033779 0.0018723610980029934 0.041631377778173516 0.0005498774303990123 0.2575306090570298 0.9653727318594709
54385.454881191 -0.004354650595870712 0.04345218681551178 0.0004838115259971113 0.03918853133384384 0.0034741315048588337 0.25870405558036125 0.9651551176098362
54385.464959145 -0.004741952038726863 0.043460473435851056 -0.0008514884779988799 0.03682708137751959 0.0056356323676684545 0.25868853731939534 0.9652420662116742
54385.474978209 -0.004091889956129212 0.04334879777869108 2.9578168274065194e-05 0.03559246981295607 0.0032520477200853144 0.2568836130899103 0.9657812431415891
54385.484939098 -0.005853334348476059 0.042657553176626214 -0.0028447519722478755 0.03268475562641916 0.015131373053232828 0.255296525423227 0.9661917161754144
54385.494972944 -0.007413804551990484 0.04149215452677109 -0.005505731459915036 0.026617398669874007 0.02535408118795885 0.25533602203271155 0.9661533007280336
54385.504901648 -0.006768304340641219 0.04137498472356188 -0.00457884526054658 0.02429043610902338 0.020983531477061636 0.2556053866681263 0.9662481836601932
54385.514990091 -0.007134912718477569 0.04158937690122581 -0.0035960111595174007 0.024208140745687095 0.01967356307616395 0.25469811016863675 0.9665173508603196
54385.524993658 -0.007608718787346043 0.041573746345480646 -0.004830823954872844 0.02251978969354959 0.021986184831861905 0.2548313683479869 0.9664731969664706
54385.534862995 -0.00774732411861561 0.0420704910329995 -0.004498414233044824 0.022947125713807182 0.01913152760401603 0.2560371790836464 0.9662051422963451
54385.544948816 -0.0076328985766229845 0.042694025747925725 -0.0036240861347421054 0.023189881120136927 0.015079048338228417 0.2569559574434873 0.9660271671382479
54385.554925442 -0.008058479982061821 0.04299234873580226 -0.002795462985308801 0.023743541775869025 0.01307033486307391 0.25726574991491746 0.9659605294685802
54385.564942837 -0.008641477553100813 0.0432406380428823 -0.0025362163635221213 0.02379841163040148 0.012612413537176455 0.2580315372006558 0.9657609892921248
54385.574939489 -0.009230329239480261 0.043083486777571844 -0.0023209402870870257 0.02404357259377874 0.011634296797729319 0.2574057666262844 0.9659341701495423
54385.584906578 -0.009619845477406175 0.04297886741799925 -0.0015827423849403078 0.024953959503785664 0.008626161933467848 0.25680367436685453 0.966102873438985
54385.594908237 -0.010005708643869276 0.0431556982910569 -0.0009367309121559915 0.026037983568882865 0.005576475960682149 0.2561153087767187 0.9662793979681717
54385.604906082 -0.010605520443095571 0.043014647351060066 -0.0004874569658196877 0.026922987536714495 0.0038911541132513397 0.25529588806108133 0.966480222871047
54385.614887714 -0.011232143710567292 0.04295457736967358 -0.0002520877460257557 0.02766864341827147 0.0029217714348802907 0.2550808979293606 0.9665193453493965
54385.624942064 -0.011814631788363675 0.042920156317748544 3.440575876642864e-05 0.028602364710653725 0.001526084845610596 0.2551268646285373 0.966483242867053
54385.634889364 -0.012431175237630872 0.04296511926023826 0.0008780837683994114 0.030471772333297252 -0.0012522125158426298 0.2548187423994725 0.9665077917826811
54385.644991398 -0.012373791031118572 0.042916532399318835 0.0022314394442189637 0.03255083847000738 -0.006996137698368801 0.2533175323577789 0.9668100768880985
54385.654879570 -0.012361326787866313 0.04265794834128018 0.0031034409535387 0.03403934255112821 -0.011211483963414596 0.25102052889447196 0.967318106860181
54385.664943218 -0.012495400075538506 0.043071452983645155 0.0037768783252617277 0.03572590570870293 -0.013465853121462389 0.2517643602732592 0.9670351789656884
54385.674951315 -0.01299167784402775 0.04327824223536636 0.003644916346829315 0.036642453702742654 -0.011969296299746128 0.25257819116769226 0.9668083180647487
54385.685090303 -0.013887578391513784 0.04288836419650952 0.0026693434913179622 0.035458849560291356 -0.007357072126279319 0.2525843553055629 0.9668969370788505
54385.694985867 -0.014502554531270032 0.042493166064156304 0.0016926668573887848 0.0344717684384162 -0.0036851759107818407 0.2523344187153841 0.9670188507939254
54385.705030441 -0.014859964715858143 0.04246643775557418 0.0012831600114306524 0.03413520484296216 -0.0022785697879671944 0.25280625801790335 0.9669118842050892
54385.714948416 -0.015217751310836823 0.04267407520188986 0.0012324218438809998 0.03368490350089553 -0.0020633073120422717 0.253366702851262 0.9667814561344006
54385.725082397 -0.015559262462018653 0.04256460151993515 0.0010747182475651703 0.03280409146316411 -0.00094741432300007 0.25338931760687794 0.9668075546416143
54385.734921694 -0.015293578680814213 0.04307623828253844 0.001407205135930455 0.03263337169909238 -0.0036584216523178822 0.25406105196204887 0.9666305710448537
54385.745030880 -0.014818942110061656 0.04346111213817772 0.002430045350545429 0.03288752465761728 -0.008545606342289777 0.2543634410263199 0.9665115742728523
54385.754961014 -0.014320680213025714 0.04399523435712369 0.003180798636800242 0.03293864145961993 -0.012158102835693806 0.2541722778637662 0.9665214325610042
54385.765090942 -0.014090615261289737 0.04409018222753346 0.003469676094344139 0.031386722544257034 -0.013051346377009939 0.2534381210954179 0.9667541852928806
54385.774955511 -0.014253246810902936 0.044204622497691505 0.002936333788197398 0.029343425664948415 -0.010391033770518712 0.25303449242747966 0.96695632550255
54385.784847736 -0.014287745774722943 0.04424891407114437 0.002779730531758926 0.026457164957994578 -0.009557056965485405 0.2530802199268421 0.9670362368424077
54385.794957876 -0.01397549604396264 0.044538277871412034 0.002708091667082551 0.022993965725614237 -0.009559015916073648 0.25306494405311797 0.9671287591868611
54385.804938555 -0.013892505311502396 0.044740793910871685 0.002832667780760947 0.019185100790849518 -0.009710418974403232 0.2527066124566759 0.9673039892875754
54385.814914942 -0.013449250908079913 0.04504434165826122 0.002942162766226755 0.01455989199552912 -0.010442777981757639 0.2521215570511661 0.9675296783061478
54385.824945211 -0.01350952125658592 0.04514206430827759 0.0023322934503144798 0.00922110916727723 -0.008145122209445646 0.2508746327737067 0.9679413963461714
54385.834855080 -0.014463027952544297 0.04430441326040154 0.0015468648843221413 -0.0006377077110122976 -0.0026745721094743333 0.25151006036823975 0.967850778543093
54385.845007181 -0.012137118271339536 0.04732378479276915 0.004617748804114146 0.0015411160878707176 -0.017270897767440983 0.2603630649518447 0.9653550722197465
54385.854939699 -0.010899764574493251 0.04935292618379526 0.00623683171956999 0.0045494385259184245 -0.026390489617615774 0.2617591620170002 0.9647616212137584
54385.864982128 -0.010119024506404076 0.0504095828172375 0.0071713295573794765 -0.0018524661669775538 -0.030755192016715196 0.2672589717116881 0.9631320410892406
54385.875016212 -0.010795823892554873 0.04860505250504573 0.0054473717670064595 -0.0032095717215847534 -0.02391970446335555 0.25932129063167597 0.9654895207162384
54385.884873390 -0.010914480012689552 0.04786681138609207 0.0054176421064117165 -0.004995994426493971 -0.021360485899736308 0.2535717339509259 0.9670678080791122
54385.894927740 -0.011032403941270995 0.0474228890637319 0.003026932643894283 -0.005162819449329473 -0.013703328961168989 0.2545414506255315 0.9669509884084952
54385.905118465 -0.012221171279238646 0.04734536126842746 0.001897132693540574 -0.002589490078681289 -0.008600715987909444 0.2582808688953928 0.9660281129388878
54385.915071964 -0.011563058755113147 0.046657254153555885 0.0024222441431996674 0.0007332569229085723 -0.011950135793116198 0.2569590386312446 0.9663481303621991
54385.924991369 -0.012690006203341625 0.045710627409390095 0.0011879890931392452 0.003707799783956444 -0.006544119361142248 0.2542203468576753 0.9671170776933434
54385.934922934 -0.013629452743328316 0.04496267236014379 0.00027807752899182913 0.007162410399452833 -0.0027400393313338134 0.2532019252370086 0.967383056042437
54385.945002317 -0.013669652981115374 0.04522227529846306 0.0007195094419334994 0.01229240965704361 -0.005131588456645287 0.2531856310134676 0.9673260048779043
54385.954989433 -0.012891256121717095 0.04462521579637178 0.0023020088060410377 0.014710580585198283 -0.011297307257730505 0.2514461194250783 0.9676935561910289
54385.965018034 -0.012507647090237752 0.04467262020779918 0.0034135359399362153 0.01702694645296495 -0.01496105230591151 0.2512013000066882 0.9676694460833914
54385.975033283 -0.012655337993084062 0.0452354834646031 0.003130286300849951 0.018609720967251407 -0.013232089597244649 0.25296631939236425 0.9672055786354273
54385.985038757 -0.013152029315951653 0.044480569372919485 0.0031387778072809614 0.017246542433320335 -0.012024997668446115 0.25208970502580835 0.967475445076086
54385.994957447 -0.013217884857617528 0.044671442861644955 0.0026623724043558753 0.016192692932236574 -0.010617928678944188 0.25259059594215805 0.9673794742125535
54386.004982948 -0.01342033623225675 0.04487728369552259 0.002861453177992742 0.015366249709617247 -0.011220869819775627 0.25336702562960595 0.9671830854465746
54386.015072346 -0.013578426988337864 0.0450997506900405 0.002634634985296089 0.01315436235374276 -0.009839142044422593 0.2537152262693947 0.9671394615017868
54386.025053740 -0.01398583276440597 0.045173698311621206 0.0022483727894453934 0.010386328171306943 -0.007714392296592892 0.2542578887813436 0.9670499151186903
54386.034993410 -0.014129594690017854 0.04537010278478917 0.00219735487656676 0.008081240271543657 -0.007854627380916095 0.2552556518684556 0.9668079181376156
54386.045136929 -0.013571024225108301 0.04585773583407028 0.0028278145278895547 0.006936613855126937 -0.011489720853018469 0.2556384072220106 0.9666793027969194
54386.054872990 -0.013296523674548272 0.045892675679191135 0.0034524475922969354 0.006454105610836259 -0.01427991870787255 0.25525581239965545 0.966746553486824
54386.064999104 -0.013101434406753171 0.04607414295375494 0.0035733695624774933 0.006521829790396309 -0.01476950172858897 0.25486023085768916 0.966843105308219
54386.075040579 -0.013292060823605581 0.04610582248841753 0.0032643736695471153 0.007069946174557908 -0.013180882829890292 0.2553517004053712 0.9667325324457635
54386.084922791 -0.013345945982398081 0.046011766634339826 0.003161245891116729 0.007363992673630821 -0.01232699253005458 0.2554374237920257 0.9667189557433742
54386.095019102 -0.013486231649911976 0.04594057976274635 0.0030092438465433276 0.008456000871290427 -0.012063951473273124 0.2547729986753185 0.9668886576385626
54386.105005503 -0.01366748852114728 0.04557727749707689 0.002934057881376824 0.009337542080163096 -0.011002296634192825 0.25412214059245053 0.9670644742918568
54386.115022659 -0.014028299620730263 0.04554299035451482 0.0025683915527512386 0.009805635525232788 -0.009868499749070128 0.2540942490445394 0.9670794046132616
54386.124973297 -0.013963216266360611 0.04566611826954628 0.002603502221299131 0.010643024955746656 -0.01061222079650687 0.2543032460933779 0.9670077382399422
54386.134939194 -0.013646547166551178 0.045584050265115326 0.0030606905918329616 0.01113335840065185 -0.012574544584048056 0.25393095254075 0.9670765225673581
54386.145005465 -0.013521955611558324 0.04553149418641745 0.003177417012761369 0.011609967593562701 -0.01307613351137896 0.2537074375329301 0.9671229288592756
54386.154880285 -0.013576700081145584 0.04569225495184426 0.003029350919810549 0.011618876205350043 -0.012302900917105068 0.2539779725108285 0.9670619575932234
54386.164965868 -0.013562377829663585 0.045841656286024206 0.002786564680209755 0.01124819150740804 -0.011423570776209726 0.2543667784237474 0.9669749336217862
54386.174968243 -0.013546435370748587 0.04575021452093716 0.0026911738740893493 0.010422294822916258 -0.01068539037590781 0.2544562212009876 0.9669690944881604
54386.184939384 -0.013552580410600017 0.04567963800310407 0.002532558883741318 0.009311450850902755 -0.009811147675478077 0.2543795909713271 0.9670098561863791
54386.194938898 -0.01350341023599223 0.04574890015821028 0.0024510616542286747 0.008609590071911779 -0.009606727810889906 0.25473066094041874 0.966925993091725
54386.204936743 -0.013394107163943608 0.04579102837751606 0.002600192818804031 0.008235386124355561 -0.010371271962113581 0.2549447608706757 0.9668649254357429
54386.214905024 -0.013170854426479913 0.045819093072345836 0.0027510137286291293 0.008340774802928445 -0.011325263595870876 0.25477049967867055 0.9668992514081556
54386.224966764 -0.013072511138644306 0.04580062798847758 0.0028389221869197243 0.008880418331695828 -0.011707982091049916 0.25460594927297425 0.9669332303320729
54386.234943151 -0.013096980363627192 0.04590417422102345 0.0026419897904741596 0.009172507762716884 -0.010854502803502138 0.25458205704578063 0.9669467519468539
54386.244949341 -0.013178769421984642 0.0458010187669521 0.002444170932229716 0.009182741050439971 -0.009926827433133095 0.2545635886162531 0.966961485641868
54386.254916906 -0.013347165284335091 0.04580696526111864 0.0023934072868074976 0.009143420595935979 -0.009364250745914909 0.25467602023605446 0.9669378642831702
54386.264882326 -0.013478478258097608 0.04571251235324019 0.0022932313412807443 0.009041423683768712 -0.009002561180572568 0.25464904355910384 0.9669493632886856
54386.274947882 -0.013567666335337198 0.04574322261349951 0.002338896731868112 0.009286609442374024 -0.009319076377356504 0.25489006793355073 0.9668805339696149
54386.284909725 -0.013581082924910115 0.04576023311031965 0.002549229001925269 0.009637705940418987 -0.010269787869979733 0.25486691482381146 0.9668735707472326
54386.294999599 -0.013570919584850821 0.045727012158989506 0.002688456757584776 0.01001594058710566 -0.011005973689996791 0.25464821091976253 0.9669192511025183
54386.304946661 -0.013610315840629807 0.045746333362549685 0.0027644027406803877 0.010457535805724534 -0.01131068650579088 0.2546107333259841 0.9669209289237897
54386.314999104 -0.013741526259540563 0.045710653834259624 0.002667999297632114 0.010733738160289198 -0.010728130516365175 0.2545649034626744 0.9669366080595819
54386.324943542 -0.013877589418820183 0.04568773004389284 0.0025353328687145295 0.010839966052662197 -0.010215995163408013 0.2544602450235783 0.9669685166960396
54386.334883690 -0.014070433455149568 0.04569528941635821 0.0024684427115428034 0.010817932315511229 -0.009674286302335525 0.25471054415344546 0.9669084337319709
54386.344908714 -0.014212966386377219 0.04575576736222805 0.002455167251913963 0.010618594541438259 -0.009461778205332786 0.25509483640556685 0.9668114317913161
54386.354878187 -0.01439054805513323 0.04576250723039983 0.002491316330719802 0.01034511007954828 -0.009753444639101168 0.25529576133860915 0.9667584616943645
54386.364941120 -0.01447258743505831 0.045813264611893056 0.002630991106833619 0.010338315965612365 -0.010399177307469564 0.25541347016275723 0.9667207123020285
54386.374935389 -0.014430726765298465 0.04589917797733715 0.0027195458285994368 0.010542650873587661 -0.011053707297395434 0.25530106962166527 0.9667409331964665
54386.384998798 -0.014567385726635022 0.045980108078183334 0.00278708485659801 0.01064644927495121 -0.011332854978186388 0.2552815366868357 0.9667417217347595
54386.395006180 -0.014759813157307084 0.04608772431486226 0.0028097886323705896 0.010684961458855993 -0.01117597562284596 0.25568289319050647 0.9666370504471844
54386.404967546 -0.014940414345741442 0.04619409406129167 0.002794610445948199 0.010586367430139056 -0.011001072324478337 0.25616099804068565 0.9665135530943918
54386.414932966 -0.015182048168556731 0.04625511110759604 0.002823092204886188 0.010347722527291336 -0.010987733331777962 0.25632829234473076 0.9664719348736218
54386.424956083 -0.015343636920611189 0.04625776459301957 0.00290287208522685 0.010162405006450432 -0.011263022408743937 0.2563633498107253 0.966461433645714
54386.434838533 -0.015461522385672707 0.046340127269570396 0.003013909799733988 0.010214117695594984 -0.011962761974345362 0.25646650462604337 0.9664251114962531
54386.444937706 -0.01554326197515182 0.046470230763015305 0.0031592770015042328 0.010367480723601224 -0.01260358267419999 0.2567829917849038 0.9663312890397446
54386.454849720 -0.015534700521419038 0.046640549645500996 0.0032668788616925532 0.01054505516784074 -0.013254858718567217 0.25706098155704393 0.9662467398614016
54386.464954138 -0.015585168838822362 0.04668875328024903 0.0033590267721688902 0.010467234735417656 -0.01366170428995824 0.2571312539491123 0.9662232211427361
54386.474969387 -0.01560985768454478 0.04664540823463147 0.0034978412096410352 0.010290911722082645 -0.0141241314879285 0.25691685486146915 0.9662754968091299
54386.485050201 -0.015598006423043764 0.04666419357520643 0.00347772916186518 0.01037470196896698 -0.014087432206539099 0.2570651905374107 0.9662356843062908
54386.495025396 -0.0156195926027181 0.046719638765234925 0.0034439009289783874 0.010673101138139594 -0.014119013092563661 0.25724121623041324 0.9661851246286526
54386.505146742 -0.01552347909462827 0.04666583550781204 0.003451696422090676 0.010779272481903667 -0.014185653290872714 0.2570350815858671 0.9662378285699741
54386.514913797 -0.015382228191298999 0.04659744748874587 0.0034902968344801438 0.010733250737565968 -0.014267409316758534 0.25664889601565577 0.9663397862728916
54386.525024652 -0.015164538380567135 0.0465900439248707 0.0034626496660037035 0.0107745724097288 -0.014190027567696824 0.25664369311683144 0.9663418476348674
54386.534893990 -0.014923866461140425 0.04661455445252972 0.0033486451473778997 0.010834841398181342 -0.013882452109548965 0.2567845837832627 0.9663082123559538
54386.545038700 -0.014650415816012778 0.04656980930169014 0.0032130156343914834 0.010717221343679811 -0.013457514891958539 0.2567461092058668 0.9663257586690176
54386.555015564 -0.014341994237308867 0.04654050238822058 0.003089107159401182 0.010639533526424072 -0.012969661170646326 0.2566558353839586 0.9663572684979511
54386.565036774 -0.014046513900181929 0.046522348827620706 0.002859449685214905 0.010380814641202656 -0.012062137844759836 0.2567101927212212 0.9663573978973994
54386.574999571 -0.013755255637132778 0.04653331286677552 0.002684175208402387 0.010051306129430105 -0.011241911104381875 0.25699615811828763 0.9662947611325717
54386.584989548 -0.013483059592762164 0.04654285122635658 0.002494725825567818 0.009660257219196495 -0.010493039985160534 0.2572475595782984 0.9662402747936657
54386.595025301 -0.013205029459276492 0.04650962511560854 0.002414574289549007 0.00921936828633178 -0.009984373240853502 0.25733743374633267 0.966226040185339
54386.605023384 -0.012930864933612635 0.04644106737097906 0.0023281057837055462 0.008730785138739434 -0.009649664798367978 0.25720136059058857 0.9662702093464801
54386.614935637 -0.01256697086305075 0.04623640799324567 0.0024087060320295037 0.00816166414602973 -0.009578920845716023 0.2568167238642415 0.9663781878009442
54386.624962568 -0.012277593288667486 0.04625946580198864 0.002244151066495844 0.007988184689457981 -0.00902146026559736 0.25690831140731557 0.9663606581861065
54386.634925604 -0.012055147191956862 0.046240554463451364 0.002047463696568941 0.007909009403823691 -0.008391000038199687 0.2571454512222887 0.966303914720568
54386.644965410 -0.011929441662275879 0.04617177542376534 0.0019589670817312457 0.007919101281700936 -0.007933932032875509 0.25715570125834575 0.9663049652504723
54386.654892683 -0.011859834649346736 0.04606239829872089 0.0018356494846058613 0.007716276888822777 -0.007364370629520578 0.2567851082113853 0.9664096612291669
54386.665123463 -0.011812656845377158 0.04594607869504522 0.0017900799670651356 0.007678297141174547 -0.007057162053792247 0.25663257933085587 0.9664527714496711
54386.674956083 -0.011833296454772171 0.045969885749877155 0.0017618766456627731 0.007813194812826744 -0.007059231786930877 0.2568030595727686 0.9664063895833161
54386.684894085 -0.011845384138147213 0.04599145680982661 0.0018256441372288665 0.007984777477044739 -0.00730949336958381 0.25696811815799003 0.9663592504269121
54386.694993496 -0.011880259338031284 0.04596627867120025 0.0018853720828762395 0.008224371329372138 -0.0076909112817916845 0.25673446101595976 0.9664163834117968
54386.704971790 -0.011922921926629713 0.04594602685012971 0.0019726941258440705 0.00864562518721691 -0.008089063023666751 0.2565754899980728 0.9664516739893259
54386.714964628 -0.012082263668611752 0.04604536428248836 0.0019559011951091137 0.009047879076919308 -0.008108539288084075 0.25683434615103856 0.9663790695746631
54386.724968672 -0.012223872627036659 0.04608376561351303 0.002004193044747226 0.009265901802611144 -0.008160385277746728 0.25696463263271363 0.9663419315914206
54386.735021830 -0.012386791532178379 0.04609005910279422 0.0020329033320099464 0.009226090906372008 -0.008330704307725322 0.25678680763572687 0.9663881280503072
54386.744942427 -0.012484531707694695 0.046044990698219844 0.0022035933316142055 0.009185671034656553 -0.008896838732795398 0.25666820624486575 0.9664149738136557
54386.754898310 -0.012538065442503288 0.0461097383265834 0.002280093486297193 0.009436764262448143 -0.00942259252715111 0.2567900575305804 0.96637520072887
54386.764870644 -0.012555461175024107 0.046197962981627434 0.002370546165946741 0.009672258024598977 -0.010012875490946798 0.256947801850168 0.9663250058202341
54386.774967909 -0.012642687428238184 0.04617092387228217 0.002530635036777267 0.009596706374426124 -0.010453609502949346 0.25677457641007545 0.966367136333055
54386.785014153 -0.012566502542512861 0.04617222908055732 0.002618621350516487 0.0094855163122047 -0.010850709580129911 0.25668558161269056 0.9663874995435596
54386.795019150 -0.012512035391482157 0.04620410556883462 0.002611242417243853 0.009343683256432285 -0.01092115418045992 0.2567342460174214 0.9663751605336494
54386.805009604 -0.012459562047798422 0.04621409553812627 0.002506668482751605 0.009355495004186098 -0.01043649588716133 0.2569165637706423 0.9663319478973618
54386.814916134 -0.012395861466384162 0.04618019970932797 0.00237910284316412 0.009303567016791648 -0.01004120623203237 0.2567490308493156 0.9663811634009156
54386.824946165 -0.012253442724441583 0.04607710792767473 0.0022945982707517285 0.009320676964804733 -0.009660070227188965 0.25652374703609043 0.966444708832682
54386.834885359 -0.012094528821379447 0.04607390896827732 0.002198223790467871 0.009318220696305954 -0.009223198799013406 0.25653433395581643 0.9664461903638581
54386.844913483 -0.011941697396422958 0.046023494490180984 0.002087025452156597 0.00922255312047779 -0.008715604968062856 0.2565371370632096 0.9664510748358619
54386.854896069 -0.011748083228250113 0.04592054976750717 0.001988864916003721 0.00907288184006197 -0.008395541502326196 0.25642492156245766 0.9664851045410305
54386.864944935 -0.011516028622401971 0.04586700145587328 0.0019063074215249943 0.009018416538954362 -0.00807966151003182 0.25622969030427933 0.9665400835141741
54386.874996424 -0.011330848597050431 0.045828936104718124 0.0017294313738034136 0.009050067676032026 -0.007443059209888159 0.2562290475987057 0.9665450699844874
54386.884969234 -0.011207990012146951 0.045797740904279675 0.0015764798801061104 0.008979173085726797 -0.006759789803633762 0.2562922855406082 0.9665339849508028
54386.894956350 -0.011088798353393471 0.04573578776588047 0.0014705526220156746 0.00865130424458319 -0.00625732545628697 0.256194498325588 0.966566283211194
54386.904956579 -0.010956562858217351 0.04562578648849386 0.0014124174177308358 0.008381427449124013 -0.006006515526270653 0.2560091009108232 0.9666193737433467
54386.914908409 -0.010871789805372917 0.04559519037468673 0.0013729382352369334 0.008245916934055953 -0.005812615660295926 0.25600585734297737 0.9666225837208593
54386.924987555 -0.01080152002844954 0.04565062358363657 0.001255119934021087 0.008159297670728738 -0.00554056570653735 0.2561538421991299 0.9665857112123039
54386.934899092 -0.010772546182433708 0.045649394727579354 0.0012580531864293902 0.008148111056032617 -0.005547998186162097 0.25615166175184667 0.9665863407808494
54386.944943190 -0.010793851595616178 0.04563860316438863 0.0012965519549670893 0.008122964383465305 -0.005692901065343268 0.256120339501753 0.9665940099238108
54386.954835892 -0.010815015128462422 0.04569123195028565 0.0012789865845184716 0.008059440541967165 -0.0058910840812052626 0.25620531446262707 0.9665708341283659
54386.964955330 -0.010905449484715689 0.045727588158920696 0.0013257306516340083 0.008104597349323525 -0.006114397217368544 0.25636558762124173 0.9665265723879966
54386.974985123 -0.011040893312663985 0.045801903330351605 0.0014338997457080075 0.008145217866167249 -0.006507419740275449 0.25642556500864805 0.9665077539907438
54386.984949112 -0.01124721814276972 0.04575072372252046 0.001598240492653062 0.008297363768801826 -0.007000015005707202 0.25642501490377395 0.9665031636140708
54386.994961500 -0.011405955573780234 0.04577833401716163 0.0017064978099366108 0.008489583315908246 -0.007324011864134677 0.25645020523586187 0.9664924097269574
54387.004943609 -0.01155077582055928 0.04582447435961697 0.001791480472600567 0.008663244991270018 -0.007619876565618091 0.2565665637773164 0.9664576990323199
54387.014977932 -0.011743006775719197 0.045888880694177674 0.0019241644306012009 0.008751331223749013 -0.007893238129966331 0.256636908067022 0.9664360343092733
54387.024975538 -0.011860593514551317 0.045908125441364425 0.0020270551686637395 0.008785253169466782 -0.008239354675003384 0.2566377968745311 0.9664326016731197
54387.034902334 -0.011979478067289516 0.04595512919851862 0.002069967159514822 0.008846924101190453 -0.008618476148592182 0.2565966104697008 0.9664396687317242
54387.044942617 -0.012058275477374807 0.04600562614355272 0.002104453225054535 0.008922315550183869 -0.008869275196895681 0.25675290952632146 0.9663951943653659
54387.054940701 -0.012117217704484776 0.046066066065024884 0.0021659324477340497 0.008983643835466164 -0.009135473775519078 0.25682742917195245 0.9663723448481233
54387.065004349 -0.012192323479972875 0.04608812797328307 0.0022739420124578765 0.00898483869517949 -0.009275967016111688 0.2568787334315502 0.9663573590655479
54387.075019598 -0.012175012786701828 0.046094650259651294 0.0022264309128983057 0.008964920129855423 -0.009374361989789727 0.2568549540018207 0.9663629153424051
54387.084954500 -0.0121372957698834 0.04609938678161806 0.0022180789840364383 0.008964773920440622 -0.00934678203429875 0.25692057408507946 0.9663457399429833
54387.095017672 -0.012092197566698468 0.0461120196795553 0.002170025245053676 0.008982234872290806 -0.009223426731313742 0.25695286184490806 0.9663381781994038
54387.105071783 -0.01203940233682567 0.04607339324285349 0.0021387201202397415 0.009023431037856595 -0.009018705540133058 0.2569107613578425 0.9663509203913552
54387.115002394 -0.011910886672857866 0.046048337018252214 0.002079636293501244 0.009011505456390066 -0.008822499555567884 0.25679602507760657 0.9663833389371647
54387.124953032 -0.011785655764251907 0.0460067070312164 0.0020141847293804736 0.009012694857393833 -0.008536605334622764 0.25676126401474497 0.9663951319218858
54387.134892941 -0.011679079916256184 0.04600018387117901 0.001832967202971444 0.008999939840350836 -0.00810319630272291 0.25672943053988584 0.9664074393273345
54387.144933939 -0.011543836379398084 0.045951938633838375 0.0017323096500471754 0.008962403917242876 -0.007727063013190608 0.25666464483492235 0.9664280769436377
54387.154957056 -0.01141941902125759 0.04590730641115066 0.0016131873057563901 0.008865059314845177 -0.007394524459652591 0.2565331447480217 0.9664664905608733
54387.164945126 -0.011257260899477584 0.045910057319585376 0.001504832193023773 0.008748573478047554 -0.007000610611262503 0.2565366730208854 0.96646954908499
54387.174952745 -0.011068406342860725 0.045886820321790915 0.0014374916809178561 0.00861498893902498 -0.00673537839028927 0.2564931535648678 0.9664841844633928
54387.184958696 -0.010971570313526365 0.045860651013889815 0.0013507912858202727 0.008470023567798806 -0.0064230634184108334 0.25646036919326837 0.9664962917623308
54387.194922209 -0.010957837082500019 0.045785143319397245 0.0013947243762565723 0.008393428050797524 -0.006192707306694403 0.2564098629499089 0.9665118638298129
54387.204910278 -0.010923483711009575 0.04575988418301401 0.0013655945207148197 0.008300036959732401 -0.006021695691258735 0.25638960067993993 0.9665191261587378
54387.214919806 -0.010872233513434453 0.04570990015317554 0.0013147736305642974 0.00819974701987948 -0.005897245230049633 0.2564117359626365 0.966514877437556
54387.224962473 -0.010900076636777431 0.04569461110374249 0.0013206626408957351 0.008149899766206243 -0.005872215999191178 0.2564497843664494 0.9665053565870504
54387.234911203 -0.010870277345660054 0.04573753773958462 0.0013318781511825685 0.008094111187513395 -0.006087077049950743 0.2564326848319782 0.9665090330705325
54387.244941235 -0.010932189831808235 0.04574745966580896 0.0013777315232894039 0.00816122228015941 -0.006272454752909506 0.25647656923003237 0.9664956389959859
54387.254875898 -0.011052616398889572 0.04577174120746223 0.0014725010117321966 0.008236651356646162 -0.006539706387127217 0.25656051255268314 0.9664709479407562
54387.264903784 -0.011149220499972926 0.04579917607925481 0.001551894099812509 0.008345779072728663 -0.006838175092453805 0.2566316854469315 0.9664490495405029
54387.274964333 -0.011264366480533226 0.0458028726269542 0.0016509821919725575 0.008419898670305603 -0.007142486073554355 0.2566590147687294 0.9664389480650168
54387.284838200 -0.011360235335751954 0.04583180860968249 0.0017411901305753922 0.008528433476931793 -0.007468854201746168 0.2567003436612507 0.9664245524631183
54387.295008898 -0.011520003915677417 0.04590346830336231 0.0018401530983776877 0.008667156099858167 -0.007706785237062505 0.25674488817698377 0.9664096172231724
